L_ListingID,L_Address,L_City,beds,baths,price,L_Remarks,remarks_cleaned
100000,100 Example St,San Diego,1,3,850000,"Beautiful single family home with vaulted ceilings.
    Located minutes from shopping.
    Property is newly remodeled and includes private backyard.
    Priced to sell with strong investment potential.",Beautiful single family home with vaulted ceilings. Located minutes from shopping. Property is newly remodeled and includes private backyard. Priced to sell with strong investment potential.
100001,101 Example St,San Francisco,2,2,350000,"Beautiful single family home with smart home system.
    Located close to schools.
    Property is needs TLC and includes low HOA fees.
    Priced to sell with strong investment potential.",Beautiful single family home with smart home system. Located close to schools. Property is needs TLC and includes low home owners association fees. Priced to sell with strong investment potential.
100002,102 Example St,San Francisco,2,3,950000,"Beautiful investment property with granite countertops.
    Located near public transportation.
    Property is fully renovated and includes two-car garage.
    Priced to sell with strong investment potential.",Beautiful investment property with granite countertops. Located near public transportation. Property is fully renovated and includes two-car garage. Priced to sell with strong investment potential.
100003,103 Example St,San Francisco,2,3,850000,"Beautiful duplex with open floor plan.
    Located quiet neighborhood.
    Property is needs TLC and includes two-car garage.
    Priced to sell with strong investment potential.",Beautiful duplex with open floor plan. Located quiet neighborhood. Property is needs TLC and includes two-car garage. Priced to sell with strong investment potential.
100004,104 Example St,San Diego,5,3,350000,"Beautiful investment property with solar panels.
    Located walking distance to parks.
    Property is fully renovated and includes two-car garage.
    Priced to sell with strong investment potential.",Beautiful investment property with solar panels. Located walking distance to parks. Property is fully renovated and includes two-car garage. Priced to sell with strong investment potential.
100005,105 Example St,San Diego,4,1,750000,"Beautiful single family home with walk-in closet.
    Located walking distance to parks.
    Property is recently upgraded and includes corner lot.
    Priced to sell with strong investment potential.",Beautiful single family home with walk-in closet. Located walking distance to parks. Property is recently upgraded and includes corner lot. Priced to sell with strong investment potential.
100006,106 Example St,San Diego,4,1,850000,"Beautiful single family home with stainless steel appliances.
    Located gated community.
    Property is recently upgraded and includes large lot.
    Priced to sell with strong investment potential.",Beautiful single family home with stainless steel appliances. Located gated community. Property is recently upgraded and includes large lot. Priced to sell with strong investment potential.
100007,107 Example St,Los Angeles,1,3,350000,"Beautiful condo with stainless steel appliances.
    Located minutes from shopping.
    Property is fully renovated and includes low HOA fees.
    Priced to sell with strong investment potential.",Beautiful condominium with stainless steel appliances. Located minutes from shopping. Property is fully renovated and includes low home owners association fees. Priced to sell with strong investment potential.
100008,108 Example St,San Francisco,5,3,450000,"Beautiful duplex with open floor plan.
    Located minutes from shopping.
    Property is newly remodeled and includes large lot.
    Priced to sell with strong investment potential.",Beautiful duplex with open floor plan. Located minutes from shopping. Property is newly remodeled and includes large lot. Priced to sell with strong investment potential.
100009,109 Example St,San Jose,3,2,450000,"Beautiful condo with granite countertops.
    Located close to schools.
    Property is fixer upper and includes no HOA.
    Priced to sell with strong investment potential.",Beautiful condominium with granite countertops. Located close to schools. Property is fixer upper and includes no HOA. Priced to sell with strong investment potential.
100010,110 Example St,San Diego,1,2,550000,"Beautiful single family home with walk-in closet.
    Located gated community.
    Property is fully renovated and includes no HOA.
    Priced to sell with strong investment potential.",Beautiful single family home with walk-in closet. Located gated community. Property is fully renovated and includes no HOA. Priced to sell with strong investment potential.
100011,111 Example St,San Francisco,2,4,950000,"Beautiful investment property with stainless steel appliances.
    Located quiet neighborhood.
    Property is newly remodeled and includes corner lot.
    Priced to sell with strong investment potential.",Beautiful investment property with stainless steel appliances. Located quiet neighborhood. Property is newly remodeled and includes corner lot. Priced to sell with strong investment potential.
100012,112 Example St,San Francisco,2,2,950000,"Beautiful duplex with solar panels.
    Located near public transportation.
    Property is needs TLC and includes two-car garage.
    Priced to sell with strong investment potential.",Beautiful duplex with solar panels. Located near public transportation. Property is needs TLC and includes two-car garage. Priced to sell with strong investment potential.
100013,113 Example St,San Francisco,4,1,550000,"Beautiful single family home with smart home system.
    Located near public transportation.
    Property is newly remodeled and includes low HOA fees.
    Priced to sell with strong investment potential.",Beautiful single family home with smart home system. Located near public transportation. Property is newly remodeled and includes low home owners association fees. Priced to sell with strong investment potential.
100014,114 Example St,San Jose,3,3,750000,"Beautiful investment property with hardwood floors.
    Located near downtown.
    Property is recently upgraded and includes low HOA fees.
    Priced to sell with strong investment potential.",Beautiful investment property with hardwood floors. Located near downtown. Property is recently upgraded and includes low home owners association fees. Priced to sell with strong investment potential.
100015,115 Example St,San Francisco,2,4,950000,"Beautiful townhouse with stainless steel appliances.
    Located gated community.
    Property is move-in ready and includes two-car garage.
    Priced to sell with strong investment potential.",Beautiful townhouse with stainless steel appliances. Located gated community. Property is move-in ready and includes two-car garage. Priced to sell with strong investment potential.
100016,116 Example St,Los Angeles,2,2,650000,"Beautiful townhouse with walk-in closet.
    Located quiet neighborhood.
    Property is recently upgraded and includes large lot.
    Priced to sell with strong investment potential.",Beautiful townhouse with walk-in closet. Located quiet neighborhood. Property is recently upgraded and includes large lot. Priced to sell with strong investment potential.
100017,117 Example St,San Diego,1,2,750000,"Beautiful duplex with granite countertops.
    Located minutes from shopping.
    Property is fully renovated and includes corner lot.
    Priced to sell with strong investment potential.",Beautiful duplex with granite countertops. Located minutes from shopping. Property is fully renovated and includes corner lot. Priced to sell with strong investment potential.
100018,118 Example St,San Francisco,5,4,950000,"Beautiful townhouse with hardwood floors.
    Located minutes from shopping.
    Property is needs TLC and includes large lot.
    Priced to sell with strong investment potential.",Beautiful townhouse with hardwood floors. Located minutes from shopping. Property is needs TLC and includes large lot. Priced to sell with strong investment potential.
100019,119 Example St,San Diego,1,1,750000,"Beautiful duplex with vaulted ceilings.
    Located quiet neighborhood.
    Property is needs TLC and includes two-car garage.
    Priced to sell with strong investment potential.",Beautiful duplex with vaulted ceilings. Located quiet neighborhood. Property is needs TLC and includes two-car garage. Priced to sell with strong investment potential.
100020,120 Example St,Los Angeles,3,2,550000,"Beautiful single family home with stainless steel appliances.
    Located close to schools.
    Property is fully renovated and includes community pool.
    Priced to sell with strong investment potential.",Beautiful single family home with stainless steel appliances. Located close to schools. Property is fully renovated and includes community pool. Priced to sell with strong investment potential.
100021,121 Example St,Los Angeles,2,1,650000,"Beautiful condo with vaulted ceilings.
    Located near downtown.
    Property is newly remodeled and includes no HOA.
    Priced to sell with strong investment potential.",Beautiful condominium with vaulted ceilings. Located near downtown. Property is newly remodeled and includes no HOA. Priced to sell with strong investment potential.
100022,122 Example St,San Diego,2,1,550000,"Beautiful townhouse with open floor plan.
    Located near public transportation.
    Property is move-in ready and includes low HOA fees.
    Priced to sell with strong investment potential.",Beautiful townhouse with open floor plan. Located near public transportation. Property is move-in ready and includes low home owners association fees. Priced to sell with strong investment potential.
100023,123 Example St,Los Angeles,1,3,450000,"Beautiful single family home with granite countertops.
    Located near downtown.
    Property is newly remodeled and includes no HOA.
    Priced to sell with strong investment potential.",Beautiful single family home with granite countertops. Located near downtown. Property is newly remodeled and includes no HOA. Priced to sell with strong investment potential.
100024,124 Example St,San Jose,5,3,950000,"Beautiful duplex with stainless steel appliances.
    Located quiet neighborhood.
    Property is recently upgraded and includes low HOA fees.
    Priced to sell with strong investment potential.",Beautiful duplex with stainless steel appliances. Located quiet neighborhood. Property is recently upgraded and includes low home owners association fees. Priced to sell with strong investment potential.
100025,125 Example St,San Francisco,5,2,550000,"Beautiful single family home with stainless steel appliances.
    Located gated community.
    Property is recently upgraded and includes large lot.
    Priced to sell with strong investment potential.",Beautiful single family home with stainless steel appliances. Located gated community. Property is recently upgraded and includes large lot. Priced to sell with strong investment potential.
100026,126 Example St,Los Angeles,3,3,750000,"Beautiful investment property with vaulted ceilings.
    Located near public transportation.
    Property is recently upgraded and includes low HOA fees.
    Priced to sell with strong investment potential.",Beautiful investment property with vaulted ceilings. Located near public transportation. Property is recently upgraded and includes low home owners association fees. Priced to sell with strong investment potential.
100027,127 Example St,San Francisco,3,1,750000,"Beautiful townhouse with open floor plan.
    Located near downtown.
    Property is recently upgraded and includes large lot.
    Priced to sell with strong investment potential.",Beautiful townhouse with open floor plan. Located near downtown. Property is recently upgraded and includes large lot. Priced to sell with strong investment potential.
100028,128 Example St,San Diego,1,4,950000,"Beautiful investment property with smart home system.
    Located near downtown.
    Property is fixer upper and includes no HOA.
    Priced to sell with strong investment potential.",Beautiful investment property with smart home system. Located near downtown. Property is fixer upper and includes no HOA. Priced to sell with strong investment potential.
100029,129 Example St,San Jose,4,1,950000,"Beautiful single family home with walk-in closet.
    Located near public transportation.
    Property is fixer upper and includes private backyard.
    Priced to sell with strong investment potential.",Beautiful single family home with walk-in closet. Located near public transportation. Property is fixer upper and includes private backyard. Priced to sell with strong investment potential.
100030,130 Example St,San Francisco,4,4,450000,"Beautiful single family home with hardwood floors.
    Located near public transportation.
    Property is newly remodeled and includes no HOA.
    Priced to sell with strong investment potential.",Beautiful single family home with hardwood floors. Located near public transportation. Property is newly remodeled and includes no HOA. Priced to sell with strong investment potential.
100031,131 Example St,Los Angeles,3,2,950000,"Beautiful single family home with vaulted ceilings.
    Located near public transportation.
    Property is needs TLC and includes two-car garage.
    Priced to sell with strong investment potential.",Beautiful single family home with vaulted ceilings. Located near public transportation. Property is needs TLC and includes two-car garage. Priced to sell with strong investment potential.
100032,132 Example St,San Jose,2,3,950000,"Beautiful duplex with solar panels.
    Located quiet neighborhood.
    Property is fully renovated and includes low HOA fees.
    Priced to sell with strong investment potential.",Beautiful duplex with solar panels. Located quiet neighborhood. Property is fully renovated and includes low home owners association fees. Priced to sell with strong investment potential.
100033,133 Example St,San Francisco,3,3,750000,"Beautiful duplex with vaulted ceilings.
    Located gated community.
    Property is move-in ready and includes private backyard.
    Priced to sell with strong investment potential.",Beautiful duplex with vaulted ceilings. Located gated community. Property is move-in ready and includes private backyard. Priced to sell with strong investment potential.
100034,134 Example St,San Jose,2,2,350000,"Beautiful duplex with walk-in closet.
    Located near downtown.
    Property is fully renovated and includes community pool.
    Priced to sell with strong investment potential.",Beautiful duplex with walk-in closet. Located near downtown. Property is fully renovated and includes community pool. Priced to sell with strong investment potential.
100035,135 Example St,San Diego,5,2,350000,"Beautiful duplex with hardwood floors.
    Located gated community.
    Property is needs TLC and includes two-car garage.
    Priced to sell with strong investment potential.",Beautiful duplex with hardwood floors. Located gated community. Property is needs TLC and includes two-car garage. Priced to sell with strong investment potential.
100036,136 Example St,San Francisco,1,3,550000,"Beautiful single family home with smart home system.
    Located walking distance to parks.
    Property is fixer upper and includes two-car garage.
    Priced to sell with strong investment potential.",Beautiful single family home with smart home system. Located walking distance to parks. Property is fixer upper and includes two-car garage. Priced to sell with strong investment potential.
100037,137 Example St,San Jose,1,1,750000,"Beautiful investment property with hardwood floors.
    Located close to schools.
    Property is needs TLC and includes two-car garage.
    Priced to sell with strong investment potential.",Beautiful investment property with hardwood floors. Located close to schools. Property is needs TLC and includes two-car garage. Priced to sell with strong investment potential.
100038,138 Example St,San Jose,1,2,750000,"Beautiful condo with hardwood floors.
    Located gated community.
    Property is recently upgraded and includes community pool.
    Priced to sell with strong investment potential.",Beautiful condominium with hardwood floors. Located gated community. Property is recently upgraded and includes community pool. Priced to sell with strong investment potential.
100039,139 Example St,San Diego,5,1,650000,"Beautiful single family home with walk-in closet.
    Located near downtown.
    Property is fixer upper and includes private backyard.
    Priced to sell with strong investment potential.",Beautiful single family home with walk-in closet. Located near downtown. Property is fixer upper and includes private backyard. Priced to sell with strong investment potential.
100040,140 Example St,San Francisco,2,2,850000,"Beautiful townhouse with stainless steel appliances.
    Located close to schools.
    Property is recently upgraded and includes corner lot.
    Priced to sell with strong investment potential.",Beautiful townhouse with stainless steel appliances. Located close to schools. Property is recently upgraded and includes corner lot. Priced to sell with strong investment potential.
100041,141 Example St,Los Angeles,2,3,950000,"Beautiful duplex with stainless steel appliances.
    Located walking distance to parks.
    Property is newly remodeled and includes two-car garage.
    Priced to sell with strong investment potential.",Beautiful duplex with stainless steel appliances. Located walking distance to parks. Property is newly remodeled and includes two-car garage. Priced to sell with strong investment potential.
100042,142 Example St,San Jose,4,2,950000,"Beautiful condo with solar panels.
    Located near downtown.
    Property is needs TLC and includes corner lot.
    Priced to sell with strong investment potential.",Beautiful condominium with solar panels. Located near downtown. Property is needs TLC and includes corner lot. Priced to sell with strong investment potential.
100043,143 Example St,San Jose,3,1,750000,"Beautiful duplex with walk-in closet.
    Located quiet neighborhood.
    Property is recently upgraded and includes corner lot.
    Priced to sell with strong investment potential.",Beautiful duplex with walk-in closet. Located quiet neighborhood. Property is recently upgraded and includes corner lot. Priced to sell with strong investment potential.
100044,144 Example St,San Diego,4,4,550000,"Beautiful townhouse with walk-in closet.
    Located quiet neighborhood.
    Property is fully renovated and includes no HOA.
    Priced to sell with strong investment potential.",Beautiful townhouse with walk-in closet. Located quiet neighborhood. Property is fully renovated and includes no HOA. Priced to sell with strong investment potential.
100045,145 Example St,San Francisco,5,3,950000,"Beautiful duplex with smart home system.
    Located near downtown.
    Property is newly remodeled and includes no HOA.
    Priced to sell with strong investment potential.",Beautiful duplex with smart home system. Located near downtown. Property is newly remodeled and includes no HOA. Priced to sell with strong investment potential.
100046,146 Example St,San Jose,5,3,650000,"Beautiful single family home with solar panels.
    Located minutes from shopping.
    Property is recently upgraded and includes corner lot.
    Priced to sell with strong investment potential.",Beautiful single family home with solar panels. Located minutes from shopping. Property is recently upgraded and includes corner lot. Priced to sell with strong investment potential.
100047,147 Example St,San Francisco,4,4,650000,"Beautiful condo with granite countertops.
    Located close to schools.
    Property is fully renovated and includes large lot.
    Priced to sell with strong investment potential.",Beautiful condominium with granite countertops. Located close to schools. Property is fully renovated and includes large lot. Priced to sell with strong investment potential.
100048,148 Example St,Los Angeles,4,2,750000,"Beautiful single family home with open floor plan.
    Located close to schools.
    Property is needs TLC and includes no HOA.
    Priced to sell with strong investment potential.",Beautiful single family home with open floor plan. Located close to schools. Property is needs TLC and includes no HOA. Priced to sell with strong investment potential.
100049,149 Example St,Los Angeles,5,2,750000,"Beautiful condo with hardwood floors.
    Located walking distance to parks.
    Property is move-in ready and includes low HOA fees.
    Priced to sell with strong investment potential.",Beautiful condominium with hardwood floors. Located walking distance to parks. Property is move-in ready and includes low home owners association fees. Priced to sell with strong investment potential.
100050,150 Example St,San Jose,3,1,550000,"Beautiful duplex with smart home system.
    Located near downtown.
    Property is move-in ready and includes no HOA.
    Priced to sell with strong investment potential.",Beautiful duplex with smart home system. Located near downtown. Property is move-in ready and includes no HOA. Priced to sell with strong investment potential.
100051,151 Example St,Los Angeles,3,4,650000,"Beautiful duplex with stainless steel appliances.
    Located minutes from shopping.
    Property is move-in ready and includes no HOA.
    Priced to sell with strong investment potential.",Beautiful duplex with stainless steel appliances. Located minutes from shopping. Property is move-in ready and includes no HOA. Priced to sell with strong investment potential.
100052,152 Example St,Los Angeles,4,3,650000,"Beautiful investment property with vaulted ceilings.
    Located close to schools.
    Property is needs TLC and includes low HOA fees.
    Priced to sell with strong investment potential.",Beautiful investment property with vaulted ceilings. Located close to schools. Property is needs TLC and includes low home owners association fees. Priced to sell with strong investment potential.
100053,153 Example St,San Jose,2,1,450000,"Beautiful investment property with open floor plan.
    Located quiet neighborhood.
    Property is needs TLC and includes low HOA fees.
    Priced to sell with strong investment potential.",Beautiful investment property with open floor plan. Located quiet neighborhood. Property is needs TLC and includes low home owners association fees. Priced to sell with strong investment potential.
100054,154 Example St,San Jose,1,3,550000,"Beautiful investment property with open floor plan.
    Located near downtown.
    Property is fixer upper and includes corner lot.
    Priced to sell with strong investment potential.",Beautiful investment property with open floor plan. Located near downtown. Property is fixer upper and includes corner lot. Priced to sell with strong investment potential.
100055,155 Example St,Los Angeles,4,3,950000,"Beautiful townhouse with walk-in closet.
    Located walking distance to parks.
    Property is fully renovated and includes low HOA fees.
    Priced to sell with strong investment potential.",Beautiful townhouse with walk-in closet. Located walking distance to parks. Property is fully renovated and includes low home owners association fees. Priced to sell with strong investment potential.
100056,156 Example St,Los Angeles,5,4,450000,"Beautiful townhouse with vaulted ceilings.
    Located quiet neighborhood.
    Property is newly remodeled and includes large lot.
    Priced to sell with strong investment potential.",Beautiful townhouse with vaulted ceilings. Located quiet neighborhood. Property is newly remodeled and includes large lot. Priced to sell with strong investment potential.
100057,157 Example St,San Diego,2,3,550000,"Beautiful investment property with smart home system.
    Located gated community.
    Property is fully renovated and includes corner lot.
    Priced to sell with strong investment potential.",Beautiful investment property with smart home system. Located gated community. Property is fully renovated and includes corner lot. Priced to sell with strong investment potential.
100058,158 Example St,Los Angeles,3,3,950000,"Beautiful investment property with granite countertops.
    Located gated community.
    Property is recently upgraded and includes two-car garage.
    Priced to sell with strong investment potential.",Beautiful investment property with granite countertops. Located gated community. Property is recently upgraded and includes two-car garage. Priced to sell with strong investment potential.
100059,159 Example St,San Jose,5,2,750000,"Beautiful investment property with stainless steel appliances.
    Located near public transportation.
    Property is recently upgraded and includes community pool.
    Priced to sell with strong investment potential.",Beautiful investment property with stainless steel appliances. Located near public transportation. Property is recently upgraded and includes community pool. Priced to sell with strong investment potential.
100060,160 Example St,San Jose,3,2,450000,"Beautiful duplex with open floor plan.
    Located walking distance to parks.
    Property is newly remodeled and includes large lot.
    Priced to sell with strong investment potential.",Beautiful duplex with open floor plan. Located walking distance to parks. Property is newly remodeled and includes large lot. Priced to sell with strong investment potential.
100061,161 Example St,San Diego,2,3,850000,"Beautiful condo with walk-in closet.
    Located gated community.
    Property is newly remodeled and includes low HOA fees.
    Priced to sell with strong investment potential.",Beautiful condominium with walk-in closet. Located gated community. Property is newly remodeled and includes low home owners association fees. Priced to sell with strong investment potential.
100062,162 Example St,San Diego,1,4,650000,"Beautiful duplex with walk-in closet.
    Located gated community.
    Property is recently upgraded and includes no HOA.
    Priced to sell with strong investment potential.",Beautiful duplex with walk-in closet. Located gated community. Property is recently upgraded and includes no HOA. Priced to sell with strong investment potential.
100063,163 Example St,San Francisco,5,3,850000,"Beautiful duplex with vaulted ceilings.
    Located minutes from shopping.
    Property is fully renovated and includes no HOA.
    Priced to sell with strong investment potential.",Beautiful duplex with vaulted ceilings. Located minutes from shopping. Property is fully renovated and includes no HOA. Priced to sell with strong investment potential.
100064,164 Example St,San Diego,3,4,650000,"Beautiful single family home with open floor plan.
    Located minutes from shopping.
    Property is needs TLC and includes low HOA fees.
    Priced to sell with strong investment potential.",Beautiful single family home with open floor plan. Located minutes from shopping. Property is needs TLC and includes low home owners association fees. Priced to sell with strong investment potential.
100065,165 Example St,San Diego,2,4,350000,"Beautiful duplex with walk-in closet.
    Located walking distance to parks.
    Property is recently upgraded and includes large lot.
    Priced to sell with strong investment potential.",Beautiful duplex with walk-in closet. Located walking distance to parks. Property is recently upgraded and includes large lot. Priced to sell with strong investment potential.
100066,166 Example St,San Diego,3,1,850000,"Beautiful townhouse with hardwood floors.
    Located near downtown.
    Property is needs TLC and includes community pool.
    Priced to sell with strong investment potential.",Beautiful townhouse with hardwood floors. Located near downtown. Property is needs TLC and includes community pool. Priced to sell with strong investment potential.
100067,167 Example St,Los Angeles,4,1,850000,"Beautiful condo with hardwood floors.
    Located near downtown.
    Property is fully renovated and includes community pool.
    Priced to sell with strong investment potential.",Beautiful condominium with hardwood floors. Located near downtown. Property is fully renovated and includes community pool. Priced to sell with strong investment potential.
100068,168 Example St,San Francisco,2,1,750000,"Beautiful duplex with stainless steel appliances.
    Located minutes from shopping.
    Property is needs TLC and includes low HOA fees.
    Priced to sell with strong investment potential.",Beautiful duplex with stainless steel appliances. Located minutes from shopping. Property is needs TLC and includes low home owners association fees. Priced to sell with strong investment potential.
100069,169 Example St,Los Angeles,5,3,650000,"Beautiful condo with open floor plan.
    Located close to schools.
    Property is newly remodeled and includes no HOA.
    Priced to sell with strong investment potential.",Beautiful condominium with open floor plan. Located close to schools. Property is newly remodeled and includes no HOA. Priced to sell with strong investment potential.
100070,170 Example St,San Francisco,4,1,650000,"Beautiful townhouse with walk-in closet.
    Located minutes from shopping.
    Property is move-in ready and includes low HOA fees.
    Priced to sell with strong investment potential.",Beautiful townhouse with walk-in closet. Located minutes from shopping. Property is move-in ready and includes low home owners association fees. Priced to sell with strong investment potential.
100071,171 Example St,San Jose,1,2,350000,"Beautiful single family home with granite countertops.
    Located close to schools.
    Property is recently upgraded and includes two-car garage.
    Priced to sell with strong investment potential.",Beautiful single family home with granite countertops. Located close to schools. Property is recently upgraded and includes two-car garage. Priced to sell with strong investment potential.
100072,172 Example St,San Diego,1,2,650000,"Beautiful investment property with walk-in closet.
    Located gated community.
    Property is move-in ready and includes private backyard.
    Priced to sell with strong investment potential.",Beautiful investment property with walk-in closet. Located gated community. Property is move-in ready and includes private backyard. Priced to sell with strong investment potential.
100073,173 Example St,San Jose,4,3,350000,"Beautiful townhouse with hardwood floors.
    Located minutes from shopping.
    Property is recently upgraded and includes low HOA fees.
    Priced to sell with strong investment potential.",Beautiful townhouse with hardwood floors. Located minutes from shopping. Property is recently upgraded and includes low home owners association fees. Priced to sell with strong investment potential.
100074,174 Example St,San Diego,1,1,350000,"Beautiful investment property with open floor plan.
    Located close to schools.
    Property is fixer upper and includes corner lot.
    Priced to sell with strong investment potential.",Beautiful investment property with open floor plan. Located close to schools. Property is fixer upper and includes corner lot. Priced to sell with strong investment potential.
100075,175 Example St,San Diego,2,2,550000,"Beautiful townhouse with smart home system.
    Located walking distance to parks.
    Property is fixer upper and includes private backyard.
    Priced to sell with strong investment potential.",Beautiful townhouse with smart home system. Located walking distance to parks. Property is fixer upper and includes private backyard. Priced to sell with strong investment potential.
100076,176 Example St,Los Angeles,1,2,350000,"Beautiful townhouse with smart home system.
    Located gated community.
    Property is fully renovated and includes private backyard.
    Priced to sell with strong investment potential.",Beautiful townhouse with smart home system. Located gated community. Property is fully renovated and includes private backyard. Priced to sell with strong investment potential.
100077,177 Example St,San Diego,3,4,750000,"Beautiful investment property with open floor plan.
    Located quiet neighborhood.
    Property is newly remodeled and includes private backyard.
    Priced to sell with strong investment potential.",Beautiful investment property with open floor plan. Located quiet neighborhood. Property is newly remodeled and includes private backyard. Priced to sell with strong investment potential.
100078,178 Example St,San Jose,5,1,950000,"Beautiful townhouse with hardwood floors.
    Located near public transportation.
    Property is newly remodeled and includes large lot.
    Priced to sell with strong investment potential.",Beautiful townhouse with hardwood floors. Located near public transportation. Property is newly remodeled and includes large lot. Priced to sell with strong investment potential.
100079,179 Example St,San Diego,5,1,350000,"Beautiful investment property with smart home system.
    Located walking distance to parks.
    Property is recently upgraded and includes no HOA.
    Priced to sell with strong investment potential.",Beautiful investment property with smart home system. Located walking distance to parks. Property is recently upgraded and includes no HOA. Priced to sell with strong investment potential.
100080,180 Example St,Los Angeles,1,1,450000,"Beautiful investment property with granite countertops.
    Located close to schools.
    Property is newly remodeled and includes two-car garage.
    Priced to sell with strong investment potential.",Beautiful investment property with granite countertops. Located close to schools. Property is newly remodeled and includes two-car garage. Priced to sell with strong investment potential.
100081,181 Example St,San Jose,1,1,850000,"Beautiful condo with solar panels.
    Located near public transportation.
    Property is newly remodeled and includes two-car garage.
    Priced to sell with strong investment potential.",Beautiful condominium with solar panels. Located near public transportation. Property is newly remodeled and includes two-car garage. Priced to sell with strong investment potential.
100082,182 Example St,San Francisco,2,3,750000,"Beautiful single family home with vaulted ceilings.
    Located near downtown.
    Property is fixer upper and includes two-car garage.
    Priced to sell with strong investment potential.",Beautiful single family home with vaulted ceilings. Located near downtown. Property is fixer upper and includes two-car garage. Priced to sell with strong investment potential.
100083,183 Example St,San Francisco,2,2,750000,"Beautiful condo with vaulted ceilings.
    Located gated community.
    Property is needs TLC and includes corner lot.
    Priced to sell with strong investment potential.",Beautiful condominium with vaulted ceilings. Located gated community. Property is needs TLC and includes corner lot. Priced to sell with strong investment potential.
100084,184 Example St,San Diego,5,1,650000,"Beautiful duplex with stainless steel appliances.
    Located minutes from shopping.
    Property is newly remodeled and includes private backyard.
    Priced to sell with strong investment potential.",Beautiful duplex with stainless steel appliances. Located minutes from shopping. Property is newly remodeled and includes private backyard. Priced to sell with strong investment potential.
100085,185 Example St,San Jose,1,2,650000,"Beautiful single family home with walk-in closet.
    Located near public transportation.
    Property is needs TLC and includes no HOA.
    Priced to sell with strong investment potential.",Beautiful single family home with walk-in closet. Located near public transportation. Property is needs TLC and includes no HOA. Priced to sell with strong investment potential.
100086,186 Example St,San Jose,3,3,350000,"Beautiful investment property with vaulted ceilings.
    Located minutes from shopping.
    Property is recently upgraded and includes private backyard.
    Priced to sell with strong investment potential.",Beautiful investment property with vaulted ceilings. Located minutes from shopping. Property is recently upgraded and includes private backyard. Priced to sell with strong investment potential.
100087,187 Example St,San Jose,3,1,950000,"Beautiful single family home with smart home system.
    Located gated community.
    Property is move-in ready and includes private backyard.
    Priced to sell with strong investment potential.",Beautiful single family home with smart home system. Located gated community. Property is move-in ready and includes private backyard. Priced to sell with strong investment potential.
100088,188 Example St,San Jose,5,3,350000,"Beautiful townhouse with vaulted ceilings.
    Located walking distance to parks.
    Property is fixer upper and includes large lot.
    Priced to sell with strong investment potential.",Beautiful townhouse with vaulted ceilings. Located walking distance to parks. Property is fixer upper and includes large lot. Priced to sell with strong investment potential.
100089,189 Example St,Los Angeles,4,2,550000,"Beautiful townhouse with hardwood floors.
    Located close to schools.
    Property is newly remodeled and includes corner lot.
    Priced to sell with strong investment potential.",Beautiful townhouse with hardwood floors. Located close to schools. Property is newly remodeled and includes corner lot. Priced to sell with strong investment potential.
100090,190 Example St,San Francisco,4,1,550000,"Beautiful duplex with hardwood floors.
    Located minutes from shopping.
    Property is fully renovated and includes corner lot.
    Priced to sell with strong investment potential.",Beautiful duplex with hardwood floors. Located minutes from shopping. Property is fully renovated and includes corner lot. Priced to sell with strong investment potential.
100091,191 Example St,Los Angeles,2,1,650000,"Beautiful single family home with vaulted ceilings.
    Located minutes from shopping.
    Property is newly remodeled and includes corner lot.
    Priced to sell with strong investment potential.",Beautiful single family home with vaulted ceilings. Located minutes from shopping. Property is newly remodeled and includes corner lot. Priced to sell with strong investment potential.
100092,192 Example St,Los Angeles,1,2,950000,"Beautiful condo with hardwood floors.
    Located quiet neighborhood.
    Property is recently upgraded and includes large lot.
    Priced to sell with strong investment potential.",Beautiful condominium with hardwood floors. Located quiet neighborhood. Property is recently upgraded and includes large lot. Priced to sell with strong investment potential.
100093,193 Example St,San Francisco,4,2,750000,"Beautiful duplex with stainless steel appliances.
    Located gated community.
    Property is fixer upper and includes low HOA fees.
    Priced to sell with strong investment potential.",Beautiful duplex with stainless steel appliances. Located gated community. Property is fixer upper and includes low home owners association fees. Priced to sell with strong investment potential.
100094,194 Example St,San Diego,5,1,750000,"Beautiful duplex with open floor plan.
    Located gated community.
    Property is recently upgraded and includes two-car garage.
    Priced to sell with strong investment potential.",Beautiful duplex with open floor plan. Located gated community. Property is recently upgraded and includes two-car garage. Priced to sell with strong investment potential.
100095,195 Example St,San Jose,2,2,550000,"Beautiful investment property with solar panels.
    Located near downtown.
    Property is move-in ready and includes two-car garage.
    Priced to sell with strong investment potential.",Beautiful investment property with solar panels. Located near downtown. Property is move-in ready and includes two-car garage. Priced to sell with strong investment potential.
100096,196 Example St,San Francisco,3,1,650000,"Beautiful single family home with vaulted ceilings.
    Located near public transportation.
    Property is newly remodeled and includes two-car garage.
    Priced to sell with strong investment potential.",Beautiful single family home with vaulted ceilings. Located near public transportation. Property is newly remodeled and includes two-car garage. Priced to sell with strong investment potential.
100097,197 Example St,San Francisco,2,2,350000,"Beautiful duplex with solar panels.
    Located walking distance to parks.
    Property is fixer upper and includes low HOA fees.
    Priced to sell with strong investment potential.",Beautiful duplex with solar panels. Located walking distance to parks. Property is fixer upper and includes low home owners association fees. Priced to sell with strong investment potential.
100098,198 Example St,San Jose,2,3,850000,"Beautiful single family home with granite countertops.
    Located close to schools.
    Property is needs TLC and includes corner lot.
    Priced to sell with strong investment potential.",Beautiful single family home with granite countertops. Located close to schools. Property is needs TLC and includes corner lot. Priced to sell with strong investment potential.
100099,199 Example St,Los Angeles,2,4,650000,"Beautiful duplex with open floor plan.
    Located close to schools.
    Property is recently upgraded and includes private backyard.
    Priced to sell with strong investment potential.",Beautiful duplex with open floor plan. Located close to schools. Property is recently upgraded and includes private backyard. Priced to sell with strong investment potential.
100100,200 Example St,San Diego,3,1,350000,"Beautiful duplex with vaulted ceilings.
    Located walking distance to parks.
    Property is move-in ready and includes community pool.
    Priced to sell with strong investment potential.",Beautiful duplex with vaulted ceilings. Located walking distance to parks. Property is move-in ready and includes community pool. Priced to sell with strong investment potential.
100101,201 Example St,San Diego,1,2,550000,"Beautiful investment property with granite countertops.
    Located walking distance to parks.
    Property is move-in ready and includes corner lot.
    Priced to sell with strong investment potential.",Beautiful investment property with granite countertops. Located walking distance to parks. Property is move-in ready and includes corner lot. Priced to sell with strong investment potential.
100102,202 Example St,San Diego,2,4,650000,"Beautiful single family home with hardwood floors.
    Located close to schools.
    Property is newly remodeled and includes large lot.
    Priced to sell with strong investment potential.",Beautiful single family home with hardwood floors. Located close to schools. Property is newly remodeled and includes large lot. Priced to sell with strong investment potential.
100103,203 Example St,Los Angeles,2,3,650000,"Beautiful duplex with smart home system.
    Located quiet neighborhood.
    Property is newly remodeled and includes large lot.
    Priced to sell with strong investment potential.",Beautiful duplex with smart home system. Located quiet neighborhood. Property is newly remodeled and includes large lot. Priced to sell with strong investment potential.
100104,204 Example St,San Jose,2,4,550000,"Beautiful townhouse with solar panels.
    Located minutes from shopping.
    Property is recently upgraded and includes large lot.
    Priced to sell with strong investment potential.",Beautiful townhouse with solar panels. Located minutes from shopping. Property is recently upgraded and includes large lot. Priced to sell with strong investment potential.
100105,205 Example St,San Jose,5,2,450000,"Beautiful townhouse with walk-in closet.
    Located quiet neighborhood.
    Property is recently upgraded and includes two-car garage.
    Priced to sell with strong investment potential.",Beautiful townhouse with walk-in closet. Located quiet neighborhood. Property is recently upgraded and includes two-car garage. Priced to sell with strong investment potential.
100106,206 Example St,Los Angeles,1,3,750000,"Beautiful investment property with hardwood floors.
    Located near downtown.
    Property is fixer upper and includes low HOA fees.
    Priced to sell with strong investment potential.",Beautiful investment property with hardwood floors. Located near downtown. Property is fixer upper and includes low home owners association fees. Priced to sell with strong investment potential.
100107,207 Example St,Los Angeles,5,1,950000,"Beautiful investment property with open floor plan.
    Located minutes from shopping.
    Property is needs TLC and includes corner lot.
    Priced to sell with strong investment potential.",Beautiful investment property with open floor plan. Located minutes from shopping. Property is needs TLC and includes corner lot. Priced to sell with strong investment potential.
100108,208 Example St,Los Angeles,1,3,950000,"Beautiful single family home with granite countertops.
    Located near public transportation.
    Property is needs TLC and includes corner lot.
    Priced to sell with strong investment potential.",Beautiful single family home with granite countertops. Located near public transportation. Property is needs TLC and includes corner lot. Priced to sell with strong investment potential.
100109,209 Example St,Los Angeles,2,1,750000,"Beautiful townhouse with vaulted ceilings.
    Located close to schools.
    Property is fixer upper and includes large lot.
    Priced to sell with strong investment potential.",Beautiful townhouse with vaulted ceilings. Located close to schools. Property is fixer upper and includes large lot. Priced to sell with strong investment potential.
100110,210 Example St,San Diego,2,3,450000,"Beautiful investment property with open floor plan.
    Located quiet neighborhood.
    Property is newly remodeled and includes corner lot.
    Priced to sell with strong investment potential.",Beautiful investment property with open floor plan. Located quiet neighborhood. Property is newly remodeled and includes corner lot. Priced to sell with strong investment potential.
100111,211 Example St,San Diego,5,2,550000,"Beautiful single family home with solar panels.
    Located near public transportation.
    Property is fixer upper and includes corner lot.
    Priced to sell with strong investment potential.",Beautiful single family home with solar panels. Located near public transportation. Property is fixer upper and includes corner lot. Priced to sell with strong investment potential.
100112,212 Example St,Los Angeles,3,2,550000,"Beautiful townhouse with hardwood floors.
    Located walking distance to parks.
    Property is needs TLC and includes two-car garage.
    Priced to sell with strong investment potential.",Beautiful townhouse with hardwood floors. Located walking distance to parks. Property is needs TLC and includes two-car garage. Priced to sell with strong investment potential.
100113,213 Example St,San Diego,5,2,650000,"Beautiful duplex with hardwood floors.
    Located near public transportation.
    Property is needs TLC and includes community pool.
    Priced to sell with strong investment potential.",Beautiful duplex with hardwood floors. Located near public transportation. Property is needs TLC and includes community pool. Priced to sell with strong investment potential.
100114,214 Example St,San Diego,4,4,950000,"Beautiful townhouse with hardwood floors.
    Located close to schools.
    Property is fixer upper and includes large lot.
    Priced to sell with strong investment potential.",Beautiful townhouse with hardwood floors. Located close to schools. Property is fixer upper and includes large lot. Priced to sell with strong investment potential.
100115,215 Example St,Los Angeles,3,1,350000,"Beautiful condo with smart home system.
    Located near downtown.
    Property is newly remodeled and includes large lot.
    Priced to sell with strong investment potential.",Beautiful condominium with smart home system. Located near downtown. Property is newly remodeled and includes large lot. Priced to sell with strong investment potential.
100116,216 Example St,San Francisco,4,2,350000,"Beautiful condo with stainless steel appliances.
    Located near downtown.
    Property is move-in ready and includes low HOA fees.
    Priced to sell with strong investment potential.",Beautiful condominium with stainless steel appliances. Located near downtown. Property is move-in ready and includes low home owners association fees. Priced to sell with strong investment potential.
100117,217 Example St,San Francisco,5,2,850000,"Beautiful townhouse with stainless steel appliances.
    Located near public transportation.
    Property is move-in ready and includes large lot.
    Priced to sell with strong investment potential.",Beautiful townhouse with stainless steel appliances. Located near public transportation. Property is move-in ready and includes large lot. Priced to sell with strong investment potential.
100118,218 Example St,San Diego,3,1,350000,"Beautiful single family home with stainless steel appliances.
    Located quiet neighborhood.
    Property is recently upgraded and includes two-car garage.
    Priced to sell with strong investment potential.",Beautiful single family home with stainless steel appliances. Located quiet neighborhood. Property is recently upgraded and includes two-car garage. Priced to sell with strong investment potential.
100119,219 Example St,San Francisco,4,1,450000,"Beautiful townhouse with walk-in closet.
    Located walking distance to parks.
    Property is recently upgraded and includes no HOA.
    Priced to sell with strong investment potential.",Beautiful townhouse with walk-in closet. Located walking distance to parks. Property is recently upgraded and includes no HOA. Priced to sell with strong investment potential.
100120,220 Example St,San Diego,2,1,550000,"Beautiful duplex with hardwood floors.
    Located quiet neighborhood.
    Property is fixer upper and includes no HOA.
    Priced to sell with strong investment potential.",Beautiful duplex with hardwood floors. Located quiet neighborhood. Property is fixer upper and includes no HOA. Priced to sell with strong investment potential.
100121,221 Example St,San Francisco,4,4,650000,"Beautiful condo with stainless steel appliances.
    Located minutes from shopping.
    Property is recently upgraded and includes corner lot.
    Priced to sell with strong investment potential.",Beautiful condominium with stainless steel appliances. Located minutes from shopping. Property is recently upgraded and includes corner lot. Priced to sell with strong investment potential.
100122,222 Example St,San Francisco,2,4,450000,"Beautiful single family home with smart home system.
    Located near public transportation.
    Property is newly remodeled and includes two-car garage.
    Priced to sell with strong investment potential.",Beautiful single family home with smart home system. Located near public transportation. Property is newly remodeled and includes two-car garage. Priced to sell with strong investment potential.
100123,223 Example St,San Diego,5,4,850000,"Beautiful condo with smart home system.
    Located minutes from shopping.
    Property is fixer upper and includes no HOA.
    Priced to sell with strong investment potential.",Beautiful condominium with smart home system. Located minutes from shopping. Property is fixer upper and includes no HOA. Priced to sell with strong investment potential.
100124,224 Example St,Los Angeles,1,3,750000,"Beautiful townhouse with smart home system.
    Located close to schools.
    Property is move-in ready and includes large lot.
    Priced to sell with strong investment potential.",Beautiful townhouse with smart home system. Located close to schools. Property is move-in ready and includes large lot. Priced to sell with strong investment potential.
100125,225 Example St,San Francisco,1,4,350000,"Beautiful duplex with hardwood floors.
    Located close to schools.
    Property is fixer upper and includes large lot.
    Priced to sell with strong investment potential.",Beautiful duplex with hardwood floors. Located close to schools. Property is fixer upper and includes large lot. Priced to sell with strong investment potential.
100126,226 Example St,San Jose,2,4,850000,"Beautiful single family home with smart home system.
    Located minutes from shopping.
    Property is fully renovated and includes two-car garage.
    Priced to sell with strong investment potential.",Beautiful single family home with smart home system. Located minutes from shopping. Property is fully renovated and includes two-car garage. Priced to sell with strong investment potential.
100127,227 Example St,San Diego,3,4,850000,"Beautiful duplex with open floor plan.
    Located quiet neighborhood.
    Property is move-in ready and includes corner lot.
    Priced to sell with strong investment potential.",Beautiful duplex with open floor plan. Located quiet neighborhood. Property is move-in ready and includes corner lot. Priced to sell with strong investment potential.
100128,228 Example St,San Francisco,3,4,450000,"Beautiful condo with solar panels.
    Located near downtown.
    Property is recently upgraded and includes two-car garage.
    Priced to sell with strong investment potential.",Beautiful condominium with solar panels. Located near downtown. Property is recently upgraded and includes two-car garage. Priced to sell with strong investment potential.
100129,229 Example St,Los Angeles,2,1,950000,"Beautiful condo with hardwood floors.
    Located walking distance to parks.
    Property is newly remodeled and includes private backyard.
    Priced to sell with strong investment potential.",Beautiful condominium with hardwood floors. Located walking distance to parks. Property is newly remodeled and includes private backyard. Priced to sell with strong investment potential.
100130,230 Example St,Los Angeles,2,4,450000,"Beautiful condo with granite countertops.
    Located quiet neighborhood.
    Property is fixer upper and includes community pool.
    Priced to sell with strong investment potential.",Beautiful condominium with granite countertops. Located quiet neighborhood. Property is fixer upper and includes community pool. Priced to sell with strong investment potential.
100131,231 Example St,San Diego,2,2,650000,"Beautiful investment property with vaulted ceilings.
    Located quiet neighborhood.
    Property is fully renovated and includes large lot.
    Priced to sell with strong investment potential.",Beautiful investment property with vaulted ceilings. Located quiet neighborhood. Property is fully renovated and includes large lot. Priced to sell with strong investment potential.
100132,232 Example St,Los Angeles,1,3,750000,"Beautiful condo with hardwood floors.
    Located gated community.
    Property is fixer upper and includes two-car garage.
    Priced to sell with strong investment potential.",Beautiful condominium with hardwood floors. Located gated community. Property is fixer upper and includes two-car garage. Priced to sell with strong investment potential.
100133,233 Example St,San Francisco,1,2,450000,"Beautiful single family home with stainless steel appliances.
    Located near downtown.
    Property is move-in ready and includes large lot.
    Priced to sell with strong investment potential.",Beautiful single family home with stainless steel appliances. Located near downtown. Property is move-in ready and includes large lot. Priced to sell with strong investment potential.
100134,234 Example St,Los Angeles,5,3,450000,"Beautiful duplex with smart home system.
    Located minutes from shopping.
    Property is recently upgraded and includes low HOA fees.
    Priced to sell with strong investment potential.",Beautiful duplex with smart home system. Located minutes from shopping. Property is recently upgraded and includes low home owners association fees. Priced to sell with strong investment potential.
100135,235 Example St,Los Angeles,1,3,350000,"Beautiful investment property with hardwood floors.
    Located quiet neighborhood.
    Property is needs TLC and includes private backyard.
    Priced to sell with strong investment potential.",Beautiful investment property with hardwood floors. Located quiet neighborhood. Property is needs TLC and includes private backyard. Priced to sell with strong investment potential.
100136,236 Example St,Los Angeles,2,3,750000,"Beautiful condo with walk-in closet.
    Located minutes from shopping.
    Property is move-in ready and includes corner lot.
    Priced to sell with strong investment potential.",Beautiful condominium with walk-in closet. Located minutes from shopping. Property is move-in ready and includes corner lot. Priced to sell with strong investment potential.
100137,237 Example St,Los Angeles,5,3,950000,"Beautiful duplex with open floor plan.
    Located minutes from shopping.
    Property is fully renovated and includes no HOA.
    Priced to sell with strong investment potential.",Beautiful duplex with open floor plan. Located minutes from shopping. Property is fully renovated and includes no HOA. Priced to sell with strong investment potential.
100138,238 Example St,San Jose,1,1,550000,"Beautiful condo with smart home system.
    Located close to schools.
    Property is fixer upper and includes low HOA fees.
    Priced to sell with strong investment potential.",Beautiful condominium with smart home system. Located close to schools. Property is fixer upper and includes low home owners association fees. Priced to sell with strong investment potential.
100139,239 Example St,San Diego,1,4,750000,"Beautiful investment property with hardwood floors.
    Located near downtown.
    Property is fixer upper and includes corner lot.
    Priced to sell with strong investment potential.",Beautiful investment property with hardwood floors. Located near downtown. Property is fixer upper and includes corner lot. Priced to sell with strong investment potential.
100140,240 Example St,San Francisco,5,3,650000,"Beautiful single family home with open floor plan.
    Located minutes from shopping.
    Property is move-in ready and includes private backyard.
    Priced to sell with strong investment potential.",Beautiful single family home with open floor plan. Located minutes from shopping. Property is move-in ready and includes private backyard. Priced to sell with strong investment potential.
100141,241 Example St,San Jose,5,3,650000,"Beautiful single family home with smart home system.
    Located gated community.
    Property is fully renovated and includes private backyard.
    Priced to sell with strong investment potential.",Beautiful single family home with smart home system. Located gated community. Property is fully renovated and includes private backyard. Priced to sell with strong investment potential.
100142,242 Example St,San Diego,3,2,450000,"Beautiful townhouse with hardwood floors.
    Located gated community.
    Property is move-in ready and includes two-car garage.
    Priced to sell with strong investment potential.",Beautiful townhouse with hardwood floors. Located gated community. Property is move-in ready and includes two-car garage. Priced to sell with strong investment potential.
100143,243 Example St,San Diego,2,4,950000,"Beautiful investment property with granite countertops.
    Located near public transportation.
    Property is newly remodeled and includes two-car garage.
    Priced to sell with strong investment potential.",Beautiful investment property with granite countertops. Located near public transportation. Property is newly remodeled and includes two-car garage. Priced to sell with strong investment potential.
100144,244 Example St,Los Angeles,5,1,550000,"Beautiful single family home with vaulted ceilings.
    Located walking distance to parks.
    Property is needs TLC and includes corner lot.
    Priced to sell with strong investment potential.",Beautiful single family home with vaulted ceilings. Located walking distance to parks. Property is needs TLC and includes corner lot. Priced to sell with strong investment potential.
100145,245 Example St,San Francisco,1,3,550000,"Beautiful townhouse with open floor plan.
    Located near downtown.
    Property is recently upgraded and includes corner lot.
    Priced to sell with strong investment potential.",Beautiful townhouse with open floor plan. Located near downtown. Property is recently upgraded and includes corner lot. Priced to sell with strong investment potential.
100146,246 Example St,San Diego,5,2,950000,"Beautiful duplex with vaulted ceilings.
    Located near public transportation.
    Property is move-in ready and includes private backyard.
    Priced to sell with strong investment potential.",Beautiful duplex with vaulted ceilings. Located near public transportation. Property is move-in ready and includes private backyard. Priced to sell with strong investment potential.
100147,247 Example St,San Diego,3,4,450000,"Beautiful condo with walk-in closet.
    Located walking distance to parks.
    Property is recently upgraded and includes no HOA.
    Priced to sell with strong investment potential.",Beautiful condominium with walk-in closet. Located walking distance to parks. Property is recently upgraded and includes no HOA. Priced to sell with strong investment potential.
100148,248 Example St,San Diego,3,1,750000,"Beautiful townhouse with hardwood floors.
    Located walking distance to parks.
    Property is needs TLC and includes two-car garage.
    Priced to sell with strong investment potential.",Beautiful townhouse with hardwood floors. Located walking distance to parks. Property is needs TLC and includes two-car garage. Priced to sell with strong investment potential.
100149,249 Example St,San Diego,4,4,550000,"Beautiful duplex with solar panels.
    Located quiet neighborhood.
    Property is move-in ready and includes private backyard.
    Priced to sell with strong investment potential.",Beautiful duplex with solar panels. Located quiet neighborhood. Property is move-in ready and includes private backyard. Priced to sell with strong investment potential.
100150,250 Example St,San Jose,4,3,450000,"Beautiful duplex with walk-in closet.
    Located close to schools.
    Property is newly remodeled and includes corner lot.
    Priced to sell with strong investment potential.",Beautiful duplex with walk-in closet. Located close to schools. Property is newly remodeled and includes corner lot. Priced to sell with strong investment potential.
100151,251 Example St,Los Angeles,4,2,850000,"Beautiful duplex with smart home system.
    Located close to schools.
    Property is fixer upper and includes corner lot.
    Priced to sell with strong investment potential.",Beautiful duplex with smart home system. Located close to schools. Property is fixer upper and includes corner lot. Priced to sell with strong investment potential.
100152,252 Example St,San Diego,2,3,450000,"Beautiful single family home with granite countertops.
    Located quiet neighborhood.
    Property is fully renovated and includes large lot.
    Priced to sell with strong investment potential.",Beautiful single family home with granite countertops. Located quiet neighborhood. Property is fully renovated and includes large lot. Priced to sell with strong investment potential.
100153,253 Example St,San Jose,2,4,650000,"Beautiful townhouse with hardwood floors.
    Located near public transportation.
    Property is newly remodeled and includes two-car garage.
    Priced to sell with strong investment potential.",Beautiful townhouse with hardwood floors. Located near public transportation. Property is newly remodeled and includes two-car garage. Priced to sell with strong investment potential.
100154,254 Example St,Los Angeles,2,4,650000,"Beautiful duplex with granite countertops.
    Located near downtown.
    Property is fixer upper and includes large lot.
    Priced to sell with strong investment potential.",Beautiful duplex with granite countertops. Located near downtown. Property is fixer upper and includes large lot. Priced to sell with strong investment potential.
100155,255 Example St,San Diego,1,3,650000,"Beautiful investment property with granite countertops.
    Located near public transportation.
    Property is newly remodeled and includes large lot.
    Priced to sell with strong investment potential.",Beautiful investment property with granite countertops. Located near public transportation. Property is newly remodeled and includes large lot. Priced to sell with strong investment potential.
100156,256 Example St,San Diego,2,3,550000,"Beautiful single family home with walk-in closet.
    Located walking distance to parks.
    Property is newly remodeled and includes corner lot.
    Priced to sell with strong investment potential.",Beautiful single family home with walk-in closet. Located walking distance to parks. Property is newly remodeled and includes corner lot. Priced to sell with strong investment potential.
100157,257 Example St,Los Angeles,4,2,750000,"Beautiful single family home with smart home system.
    Located minutes from shopping.
    Property is move-in ready and includes corner lot.
    Priced to sell with strong investment potential.",Beautiful single family home with smart home system. Located minutes from shopping. Property is move-in ready and includes corner lot. Priced to sell with strong investment potential.
100158,258 Example St,Los Angeles,1,4,650000,"Beautiful duplex with hardwood floors.
    Located gated community.
    Property is newly remodeled and includes two-car garage.
    Priced to sell with strong investment potential.",Beautiful duplex with hardwood floors. Located gated community. Property is newly remodeled and includes two-car garage. Priced to sell with strong investment potential.
100159,259 Example St,San Diego,3,3,550000,"Beautiful investment property with open floor plan.
    Located close to schools.
    Property is fully renovated and includes community pool.
    Priced to sell with strong investment potential.",Beautiful investment property with open floor plan. Located close to schools. Property is fully renovated and includes community pool. Priced to sell with strong investment potential.
100160,260 Example St,San Jose,1,1,450000,"Beautiful single family home with open floor plan.
    Located close to schools.
    Property is needs TLC and includes community pool.
    Priced to sell with strong investment potential.",Beautiful single family home with open floor plan. Located close to schools. Property is needs TLC and includes community pool. Priced to sell with strong investment potential.
100161,261 Example St,San Diego,4,4,750000,"Beautiful condo with smart home system.
    Located quiet neighborhood.
    Property is newly remodeled and includes no HOA.
    Priced to sell with strong investment potential.",Beautiful condominium with smart home system. Located quiet neighborhood. Property is newly remodeled and includes no HOA. Priced to sell with strong investment potential.
100162,262 Example St,San Jose,5,3,650000,"Beautiful condo with walk-in closet.
    Located quiet neighborhood.
    Property is recently upgraded and includes two-car garage.
    Priced to sell with strong investment potential.",Beautiful condominium with walk-in closet. Located quiet neighborhood. Property is recently upgraded and includes two-car garage. Priced to sell with strong investment potential.
100163,263 Example St,Los Angeles,1,4,550000,"Beautiful condo with smart home system.
    Located gated community.
    Property is move-in ready and includes no HOA.
    Priced to sell with strong investment potential.",Beautiful condominium with smart home system. Located gated community. Property is move-in ready and includes no HOA. Priced to sell with strong investment potential.
100164,264 Example St,San Diego,4,2,850000,"Beautiful condo with hardwood floors.
    Located near downtown.
    Property is fully renovated and includes community pool.
    Priced to sell with strong investment potential.",Beautiful condominium with hardwood floors. Located near downtown. Property is fully renovated and includes community pool. Priced to sell with strong investment potential.
100165,265 Example St,San Diego,3,1,750000,"Beautiful investment property with granite countertops.
    Located close to schools.
    Property is needs TLC and includes low HOA fees.
    Priced to sell with strong investment potential.",Beautiful investment property with granite countertops. Located close to schools. Property is needs TLC and includes low home owners association fees. Priced to sell with strong investment potential.
100166,266 Example St,Los Angeles,1,3,450000,"Beautiful duplex with hardwood floors.
    Located quiet neighborhood.
    Property is newly remodeled and includes private backyard.
    Priced to sell with strong investment potential.",Beautiful duplex with hardwood floors. Located quiet neighborhood. Property is newly remodeled and includes private backyard. Priced to sell with strong investment potential.
100167,267 Example St,San Jose,4,4,650000,"Beautiful single family home with hardwood floors.
    Located quiet neighborhood.
    Property is newly remodeled and includes community pool.
    Priced to sell with strong investment potential.",Beautiful single family home with hardwood floors. Located quiet neighborhood. Property is newly remodeled and includes community pool. Priced to sell with strong investment potential.
100168,268 Example St,San Francisco,4,2,750000,"Beautiful single family home with smart home system.
    Located near public transportation.
    Property is fixer upper and includes low HOA fees.
    Priced to sell with strong investment potential.",Beautiful single family home with smart home system. Located near public transportation. Property is fixer upper and includes low home owners association fees. Priced to sell with strong investment potential.
100169,269 Example St,Los Angeles,3,4,650000,"Beautiful townhouse with smart home system.
    Located walking distance to parks.
    Property is needs TLC and includes private backyard.
    Priced to sell with strong investment potential.",Beautiful townhouse with smart home system. Located walking distance to parks. Property is needs TLC and includes private backyard. Priced to sell with strong investment potential.
100170,270 Example St,San Jose,1,4,750000,"Beautiful duplex with solar panels.
    Located near public transportation.
    Property is fixer upper and includes low HOA fees.
    Priced to sell with strong investment potential.",Beautiful duplex with solar panels. Located near public transportation. Property is fixer upper and includes low home owners association fees. Priced to sell with strong investment potential.
100171,271 Example St,San Diego,2,3,650000,"Beautiful single family home with smart home system.
    Located walking distance to parks.
    Property is newly remodeled and includes private backyard.
    Priced to sell with strong investment potential.",Beautiful single family home with smart home system. Located walking distance to parks. Property is newly remodeled and includes private backyard. Priced to sell with strong investment potential.
100172,272 Example St,San Jose,2,3,850000,"Beautiful duplex with walk-in closet.
    Located near public transportation.
    Property is needs TLC and includes community pool.
    Priced to sell with strong investment potential.",Beautiful duplex with walk-in closet. Located near public transportation. Property is needs TLC and includes community pool. Priced to sell with strong investment potential.
100173,273 Example St,San Jose,2,4,950000,"Beautiful single family home with vaulted ceilings.
    Located near downtown.
    Property is fully renovated and includes community pool.
    Priced to sell with strong investment potential.",Beautiful single family home with vaulted ceilings. Located near downtown. Property is fully renovated and includes community pool. Priced to sell with strong investment potential.
100174,274 Example St,San Diego,3,1,850000,"Beautiful townhouse with vaulted ceilings.
    Located near downtown.
    Property is move-in ready and includes no HOA.
    Priced to sell with strong investment potential.",Beautiful townhouse with vaulted ceilings. Located near downtown. Property is move-in ready and includes no HOA. Priced to sell with strong investment potential.
100175,275 Example St,San Diego,5,3,650000,"Beautiful investment property with stainless steel appliances.
    Located minutes from shopping.
    Property is newly remodeled and includes corner lot.
    Priced to sell with strong investment potential.",Beautiful investment property with stainless steel appliances. Located minutes from shopping. Property is newly remodeled and includes corner lot. Priced to sell with strong investment potential.
100176,276 Example St,San Francisco,3,1,950000,"Beautiful condo with solar panels.
    Located walking distance to parks.
    Property is needs TLC and includes two-car garage.
    Priced to sell with strong investment potential.",Beautiful condominium with solar panels. Located walking distance to parks. Property is needs TLC and includes two-car garage. Priced to sell with strong investment potential.
100177,277 Example St,San Jose,4,2,750000,"Beautiful townhouse with vaulted ceilings.
    Located near downtown.
    Property is fully renovated and includes community pool.
    Priced to sell with strong investment potential.",Beautiful townhouse with vaulted ceilings. Located near downtown. Property is fully renovated and includes community pool. Priced to sell with strong investment potential.
100178,278 Example St,San Jose,5,4,650000,"Beautiful condo with smart home system.
    Located gated community.
    Property is recently upgraded and includes low HOA fees.
    Priced to sell with strong investment potential.",Beautiful condominium with smart home system. Located gated community. Property is recently upgraded and includes low home owners association fees. Priced to sell with strong investment potential.
100179,279 Example St,San Diego,3,1,450000,"Beautiful single family home with solar panels.
    Located quiet neighborhood.
    Property is move-in ready and includes community pool.
    Priced to sell with strong investment potential.",Beautiful single family home with solar panels. Located quiet neighborhood. Property is move-in ready and includes community pool. Priced to sell with strong investment potential.
100180,280 Example St,San Diego,2,3,950000,"Beautiful townhouse with hardwood floors.
    Located close to schools.
    Property is fully renovated and includes corner lot.
    Priced to sell with strong investment potential.",Beautiful townhouse with hardwood floors. Located close to schools. Property is fully renovated and includes corner lot. Priced to sell with strong investment potential.
100181,281 Example St,San Francisco,5,2,750000,"Beautiful duplex with granite countertops.
    Located quiet neighborhood.
    Property is newly remodeled and includes low HOA fees.
    Priced to sell with strong investment potential.",Beautiful duplex with granite countertops. Located quiet neighborhood. Property is newly remodeled and includes low home owners association fees. Priced to sell with strong investment potential.
100182,282 Example St,San Jose,5,3,750000,"Beautiful single family home with vaulted ceilings.
    Located walking distance to parks.
    Property is needs TLC and includes low HOA fees.
    Priced to sell with strong investment potential.",Beautiful single family home with vaulted ceilings. Located walking distance to parks. Property is needs TLC and includes low home owners association fees. Priced to sell with strong investment potential.
100183,283 Example St,San Francisco,5,3,450000,"Beautiful duplex with hardwood floors.
    Located walking distance to parks.
    Property is recently upgraded and includes low HOA fees.
    Priced to sell with strong investment potential.",Beautiful duplex with hardwood floors. Located walking distance to parks. Property is recently upgraded and includes low home owners association fees. Priced to sell with strong investment potential.
100184,284 Example St,San Diego,4,3,950000,"Beautiful townhouse with solar panels.
    Located walking distance to parks.
    Property is fully renovated and includes no HOA.
    Priced to sell with strong investment potential.",Beautiful townhouse with solar panels. Located walking distance to parks. Property is fully renovated and includes no HOA. Priced to sell with strong investment potential.
100185,285 Example St,San Jose,3,1,650000,"Beautiful single family home with open floor plan.
    Located close to schools.
    Property is fixer upper and includes no HOA.
    Priced to sell with strong investment potential.",Beautiful single family home with open floor plan. Located close to schools. Property is fixer upper and includes no HOA. Priced to sell with strong investment potential.
100186,286 Example St,San Francisco,1,2,550000,"Beautiful duplex with open floor plan.
    Located near public transportation.
    Property is needs TLC and includes two-car garage.
    Priced to sell with strong investment potential.",Beautiful duplex with open floor plan. Located near public transportation. Property is needs TLC and includes two-car garage. Priced to sell with strong investment potential.
100187,287 Example St,Los Angeles,5,4,750000,"Beautiful townhouse with stainless steel appliances.
    Located walking distance to parks.
    Property is needs TLC and includes private backyard.
    Priced to sell with strong investment potential.",Beautiful townhouse with stainless steel appliances. Located walking distance to parks. Property is needs TLC and includes private backyard. Priced to sell with strong investment potential.
100188,288 Example St,San Francisco,4,2,750000,"Beautiful townhouse with vaulted ceilings.
    Located near public transportation.
    Property is fully renovated and includes two-car garage.
    Priced to sell with strong investment potential.",Beautiful townhouse with vaulted ceilings. Located near public transportation. Property is fully renovated and includes two-car garage. Priced to sell with strong investment potential.
100189,289 Example St,San Francisco,3,3,750000,"Beautiful investment property with open floor plan.
    Located close to schools.
    Property is needs TLC and includes large lot.
    Priced to sell with strong investment potential.",Beautiful investment property with open floor plan. Located close to schools. Property is needs TLC and includes large lot. Priced to sell with strong investment potential.
100190,290 Example St,San Francisco,3,2,950000,"Beautiful duplex with granite countertops.
    Located gated community.
    Property is newly remodeled and includes low HOA fees.
    Priced to sell with strong investment potential.",Beautiful duplex with granite countertops. Located gated community. Property is newly remodeled and includes low home owners association fees. Priced to sell with strong investment potential.
100191,291 Example St,San Diego,1,2,450000,"Beautiful single family home with granite countertops.
    Located gated community.
    Property is recently upgraded and includes two-car garage.
    Priced to sell with strong investment potential.",Beautiful single family home with granite countertops. Located gated community. Property is recently upgraded and includes two-car garage. Priced to sell with strong investment potential.
100192,292 Example St,San Jose,4,4,450000,"Beautiful condo with walk-in closet.
    Located near public transportation.
    Property is fully renovated and includes corner lot.
    Priced to sell with strong investment potential.",Beautiful condominium with walk-in closet. Located near public transportation. Property is fully renovated and includes corner lot. Priced to sell with strong investment potential.
100193,293 Example St,San Jose,2,2,550000,"Beautiful duplex with solar panels.
    Located minutes from shopping.
    Property is newly remodeled and includes large lot.
    Priced to sell with strong investment potential.",Beautiful duplex with solar panels. Located minutes from shopping. Property is newly remodeled and includes large lot. Priced to sell with strong investment potential.
100194,294 Example St,San Diego,4,3,550000,"Beautiful townhouse with walk-in closet.
    Located minutes from shopping.
    Property is fixer upper and includes low HOA fees.
    Priced to sell with strong investment potential.",Beautiful townhouse with walk-in closet. Located minutes from shopping. Property is fixer upper and includes low home owners association fees. Priced to sell with strong investment potential.
100195,295 Example St,San Jose,3,4,450000,"Beautiful single family home with granite countertops.
    Located minutes from shopping.
    Property is newly remodeled and includes low HOA fees.
    Priced to sell with strong investment potential.",Beautiful single family home with granite countertops. Located minutes from shopping. Property is newly remodeled and includes low home owners association fees. Priced to sell with strong investment potential.
100196,296 Example St,Los Angeles,5,1,450000,"Beautiful condo with vaulted ceilings.
    Located quiet neighborhood.
    Property is needs TLC and includes private backyard.
    Priced to sell with strong investment potential.",Beautiful condominium with vaulted ceilings. Located quiet neighborhood. Property is needs TLC and includes private backyard. Priced to sell with strong investment potential.
100197,297 Example St,San Diego,3,1,750000,"Beautiful single family home with stainless steel appliances.
    Located minutes from shopping.
    Property is fully renovated and includes low HOA fees.
    Priced to sell with strong investment potential.",Beautiful single family home with stainless steel appliances. Located minutes from shopping. Property is fully renovated and includes low home owners association fees. Priced to sell with strong investment potential.
100198,298 Example St,San Jose,4,3,850000,"Beautiful duplex with hardwood floors.
    Located near downtown.
    Property is move-in ready and includes private backyard.
    Priced to sell with strong investment potential.",Beautiful duplex with hardwood floors. Located near downtown. Property is move-in ready and includes private backyard. Priced to sell with strong investment potential.
100199,299 Example St,Los Angeles,3,1,950000,"Beautiful condo with granite countertops.
    Located near downtown.
    Property is recently upgraded and includes large lot.
    Priced to sell with strong investment potential.",Beautiful condominium with granite countertops. Located near downtown. Property is recently upgraded and includes large lot. Priced to sell with strong investment potential.
100200,300 Example St,San Diego,3,3,550000,"Beautiful condo with open floor plan.
    Located near downtown.
    Property is fixer upper and includes large lot.
    Priced to sell with strong investment potential.",Beautiful condominium with open floor plan. Located near downtown. Property is fixer upper and includes large lot. Priced to sell with strong investment potential.
100201,301 Example St,Los Angeles,4,3,850000,"Beautiful duplex with hardwood floors.
    Located near downtown.
    Property is fixer upper and includes low HOA fees.
    Priced to sell with strong investment potential.",Beautiful duplex with hardwood floors. Located near downtown. Property is fixer upper and includes low home owners association fees. Priced to sell with strong investment potential.
100202,302 Example St,San Francisco,5,4,450000,"Beautiful condo with vaulted ceilings.
    Located minutes from shopping.
    Property is fixer upper and includes no HOA.
    Priced to sell with strong investment potential.",Beautiful condominium with vaulted ceilings. Located minutes from shopping. Property is fixer upper and includes no HOA. Priced to sell with strong investment potential.
100203,303 Example St,San Francisco,4,4,650000,"Beautiful single family home with vaulted ceilings.
    Located gated community.
    Property is fully renovated and includes private backyard.
    Priced to sell with strong investment potential.",Beautiful single family home with vaulted ceilings. Located gated community. Property is fully renovated and includes private backyard. Priced to sell with strong investment potential.
100204,304 Example St,Los Angeles,3,2,950000,"Beautiful single family home with vaulted ceilings.
    Located quiet neighborhood.
    Property is recently upgraded and includes no HOA.
    Priced to sell with strong investment potential.",Beautiful single family home with vaulted ceilings. Located quiet neighborhood. Property is recently upgraded and includes no HOA. Priced to sell with strong investment potential.
100205,305 Example St,San Jose,4,4,450000,"Beautiful duplex with smart home system.
    Located quiet neighborhood.
    Property is needs TLC and includes large lot.
    Priced to sell with strong investment potential.",Beautiful duplex with smart home system. Located quiet neighborhood. Property is needs TLC and includes large lot. Priced to sell with strong investment potential.
100206,306 Example St,San Diego,1,1,850000,"Beautiful investment property with hardwood floors.
    Located quiet neighborhood.
    Property is recently upgraded and includes private backyard.
    Priced to sell with strong investment potential.",Beautiful investment property with hardwood floors. Located quiet neighborhood. Property is recently upgraded and includes private backyard. Priced to sell with strong investment potential.
100207,307 Example St,San Diego,4,3,550000,"Beautiful townhouse with smart home system.
    Located near downtown.
    Property is recently upgraded and includes no HOA.
    Priced to sell with strong investment potential.",Beautiful townhouse with smart home system. Located near downtown. Property is recently upgraded and includes no HOA. Priced to sell with strong investment potential.
100208,308 Example St,San Jose,5,1,450000,"Beautiful single family home with vaulted ceilings.
    Located minutes from shopping.
    Property is fixer upper and includes community pool.
    Priced to sell with strong investment potential.",Beautiful single family home with vaulted ceilings. Located minutes from shopping. Property is fixer upper and includes community pool. Priced to sell with strong investment potential.
100209,309 Example St,San Jose,2,4,950000,"Beautiful townhouse with hardwood floors.
    Located near public transportation.
    Property is fully renovated and includes private backyard.
    Priced to sell with strong investment potential.",Beautiful townhouse with hardwood floors. Located near public transportation. Property is fully renovated and includes private backyard. Priced to sell with strong investment potential.
100210,310 Example St,San Jose,4,2,650000,"Beautiful duplex with solar panels.
    Located close to schools.
    Property is needs TLC and includes private backyard.
    Priced to sell with strong investment potential.",Beautiful duplex with solar panels. Located close to schools. Property is needs TLC and includes private backyard. Priced to sell with strong investment potential.
100211,311 Example St,San Francisco,2,3,950000,"Beautiful condo with hardwood floors.
    Located minutes from shopping.
    Property is fixer upper and includes low HOA fees.
    Priced to sell with strong investment potential.",Beautiful condominium with hardwood floors. Located minutes from shopping. Property is fixer upper and includes low home owners association fees. Priced to sell with strong investment potential.
100212,312 Example St,Los Angeles,3,1,850000,"Beautiful duplex with smart home system.
    Located gated community.
    Property is fully renovated and includes two-car garage.
    Priced to sell with strong investment potential.",Beautiful duplex with smart home system. Located gated community. Property is fully renovated and includes two-car garage. Priced to sell with strong investment potential.
100213,313 Example St,San Jose,3,3,550000,"Beautiful single family home with smart home system.
    Located near public transportation.
    Property is fully renovated and includes no HOA.
    Priced to sell with strong investment potential.",Beautiful single family home with smart home system. Located near public transportation. Property is fully renovated and includes no HOA. Priced to sell with strong investment potential.
100214,314 Example St,San Jose,5,1,350000,"Beautiful townhouse with vaulted ceilings.
    Located near downtown.
    Property is needs TLC and includes private backyard.
    Priced to sell with strong investment potential.",Beautiful townhouse with vaulted ceilings. Located near downtown. Property is needs TLC and includes private backyard. Priced to sell with strong investment potential.
100215,315 Example St,San Jose,1,1,950000,"Beautiful investment property with stainless steel appliances.
    Located gated community.
    Property is fixer upper and includes low HOA fees.
    Priced to sell with strong investment potential.",Beautiful investment property with stainless steel appliances. Located gated community. Property is fixer upper and includes low home owners association fees. Priced to sell with strong investment potential.
100216,316 Example St,Los Angeles,3,2,650000,"Beautiful duplex with stainless steel appliances.
    Located gated community.
    Property is move-in ready and includes large lot.
    Priced to sell with strong investment potential.",Beautiful duplex with stainless steel appliances. Located gated community. Property is move-in ready and includes large lot. Priced to sell with strong investment potential.
100217,317 Example St,San Diego,4,4,850000,"Beautiful duplex with stainless steel appliances.
    Located gated community.
    Property is newly remodeled and includes private backyard.
    Priced to sell with strong investment potential.",Beautiful duplex with stainless steel appliances. Located gated community. Property is newly remodeled and includes private backyard. Priced to sell with strong investment potential.
100218,318 Example St,San Jose,3,2,850000,"Beautiful townhouse with stainless steel appliances.
    Located near public transportation.
    Property is newly remodeled and includes corner lot.
    Priced to sell with strong investment potential.",Beautiful townhouse with stainless steel appliances. Located near public transportation. Property is newly remodeled and includes corner lot. Priced to sell with strong investment potential.
100219,319 Example St,San Diego,2,4,650000,"Beautiful townhouse with hardwood floors.
    Located minutes from shopping.
    Property is recently upgraded and includes two-car garage.
    Priced to sell with strong investment potential.",Beautiful townhouse with hardwood floors. Located minutes from shopping. Property is recently upgraded and includes two-car garage. Priced to sell with strong investment potential.
100220,320 Example St,Los Angeles,1,2,450000,"Beautiful single family home with solar panels.
    Located near public transportation.
    Property is move-in ready and includes two-car garage.
    Priced to sell with strong investment potential.",Beautiful single family home with solar panels. Located near public transportation. Property is move-in ready and includes two-car garage. Priced to sell with strong investment potential.
100221,321 Example St,San Diego,2,1,750000,"Beautiful single family home with vaulted ceilings.
    Located near downtown.
    Property is fixer upper and includes corner lot.
    Priced to sell with strong investment potential.",Beautiful single family home with vaulted ceilings. Located near downtown. Property is fixer upper and includes corner lot. Priced to sell with strong investment potential.
100222,322 Example St,San Diego,3,3,450000,"Beautiful duplex with smart home system.
    Located gated community.
    Property is needs TLC and includes no HOA.
    Priced to sell with strong investment potential.",Beautiful duplex with smart home system. Located gated community. Property is needs TLC and includes no HOA. Priced to sell with strong investment potential.
100223,323 Example St,San Diego,4,3,950000,"Beautiful condo with hardwood floors.
    Located near downtown.
    Property is needs TLC and includes two-car garage.
    Priced to sell with strong investment potential.",Beautiful condominium with hardwood floors. Located near downtown. Property is needs TLC and includes two-car garage. Priced to sell with strong investment potential.
100224,324 Example St,Los Angeles,3,1,750000,"Beautiful condo with vaulted ceilings.
    Located close to schools.
    Property is newly remodeled and includes private backyard.
    Priced to sell with strong investment potential.",Beautiful condominium with vaulted ceilings. Located close to schools. Property is newly remodeled and includes private backyard. Priced to sell with strong investment potential.
100225,325 Example St,San Francisco,5,3,950000,"Beautiful condo with solar panels.
    Located walking distance to parks.
    Property is recently upgraded and includes no HOA.
    Priced to sell with strong investment potential.",Beautiful condominium with solar panels. Located walking distance to parks. Property is recently upgraded and includes no HOA. Priced to sell with strong investment potential.
100226,326 Example St,San Diego,2,1,750000,"Beautiful single family home with smart home system.
    Located minutes from shopping.
    Property is fully renovated and includes two-car garage.
    Priced to sell with strong investment potential.",Beautiful single family home with smart home system. Located minutes from shopping. Property is fully renovated and includes two-car garage. Priced to sell with strong investment potential.
100227,327 Example St,San Diego,1,4,350000,"Beautiful investment property with open floor plan.
    Located near downtown.
    Property is recently upgraded and includes large lot.
    Priced to sell with strong investment potential.",Beautiful investment property with open floor plan. Located near downtown. Property is recently upgraded and includes large lot. Priced to sell with strong investment potential.
100228,328 Example St,Los Angeles,4,1,750000,"Beautiful investment property with open floor plan.
    Located close to schools.
    Property is fully renovated and includes large lot.
    Priced to sell with strong investment potential.",Beautiful investment property with open floor plan. Located close to schools. Property is fully renovated and includes large lot. Priced to sell with strong investment potential.
100229,329 Example St,San Jose,2,4,550000,"Beautiful investment property with stainless steel appliances.
    Located minutes from shopping.
    Property is recently upgraded and includes community pool.
    Priced to sell with strong investment potential.",Beautiful investment property with stainless steel appliances. Located minutes from shopping. Property is recently upgraded and includes community pool. Priced to sell with strong investment potential.
100230,330 Example St,San Francisco,2,3,750000,"Beautiful single family home with vaulted ceilings.
    Located walking distance to parks.
    Property is fixer upper and includes large lot.
    Priced to sell with strong investment potential.",Beautiful single family home with vaulted ceilings. Located walking distance to parks. Property is fixer upper and includes large lot. Priced to sell with strong investment potential.
100231,331 Example St,Los Angeles,2,2,350000,"Beautiful condo with smart home system.
    Located walking distance to parks.
    Property is needs TLC and includes two-car garage.
    Priced to sell with strong investment potential.",Beautiful condominium with smart home system. Located walking distance to parks. Property is needs TLC and includes two-car garage. Priced to sell with strong investment potential.
100232,332 Example St,San Francisco,2,4,450000,"Beautiful single family home with vaulted ceilings.
    Located near public transportation.
    Property is newly remodeled and includes two-car garage.
    Priced to sell with strong investment potential.",Beautiful single family home with vaulted ceilings. Located near public transportation. Property is newly remodeled and includes two-car garage. Priced to sell with strong investment potential.
100233,333 Example St,San Francisco,1,4,850000,"Beautiful investment property with open floor plan.
    Located gated community.
    Property is needs TLC and includes no HOA.
    Priced to sell with strong investment potential.",Beautiful investment property with open floor plan. Located gated community. Property is needs TLC and includes no HOA. Priced to sell with strong investment potential.
100234,334 Example St,San Francisco,1,4,850000,"Beautiful condo with hardwood floors.
    Located minutes from shopping.
    Property is move-in ready and includes corner lot.
    Priced to sell with strong investment potential.",Beautiful condominium with hardwood floors. Located minutes from shopping. Property is move-in ready and includes corner lot. Priced to sell with strong investment potential.
100235,335 Example St,Los Angeles,4,1,950000,"Beautiful investment property with vaulted ceilings.
    Located minutes from shopping.
    Property is newly remodeled and includes corner lot.
    Priced to sell with strong investment potential.",Beautiful investment property with vaulted ceilings. Located minutes from shopping. Property is newly remodeled and includes corner lot. Priced to sell with strong investment potential.
100236,336 Example St,San Diego,3,1,750000,"Beautiful duplex with walk-in closet.
    Located near downtown.
    Property is fully renovated and includes large lot.
    Priced to sell with strong investment potential.",Beautiful duplex with walk-in closet. Located near downtown. Property is fully renovated and includes large lot. Priced to sell with strong investment potential.
100237,337 Example St,San Diego,5,3,850000,"Beautiful single family home with walk-in closet.
    Located close to schools.
    Property is newly remodeled and includes corner lot.
    Priced to sell with strong investment potential.",Beautiful single family home with walk-in closet. Located close to schools. Property is newly remodeled and includes corner lot. Priced to sell with strong investment potential.
100238,338 Example St,Los Angeles,2,1,950000,"Beautiful investment property with granite countertops.
    Located near downtown.
    Property is fully renovated and includes two-car garage.
    Priced to sell with strong investment potential.",Beautiful investment property with granite countertops. Located near downtown. Property is fully renovated and includes two-car garage. Priced to sell with strong investment potential.
100239,339 Example St,San Diego,4,3,350000,"Beautiful single family home with walk-in closet.
    Located minutes from shopping.
    Property is needs TLC and includes corner lot.
    Priced to sell with strong investment potential.",Beautiful single family home with walk-in closet. Located minutes from shopping. Property is needs TLC and includes corner lot. Priced to sell with strong investment potential.
100240,340 Example St,Los Angeles,5,1,450000,"Beautiful duplex with vaulted ceilings.
    Located minutes from shopping.
    Property is move-in ready and includes two-car garage.
    Priced to sell with strong investment potential.",Beautiful duplex with vaulted ceilings. Located minutes from shopping. Property is move-in ready and includes two-car garage. Priced to sell with strong investment potential.
100241,341 Example St,Los Angeles,3,1,350000,"Beautiful single family home with hardwood floors.
    Located minutes from shopping.
    Property is move-in ready and includes low HOA fees.
    Priced to sell with strong investment potential.",Beautiful single family home with hardwood floors. Located minutes from shopping. Property is move-in ready and includes low home owners association fees. Priced to sell with strong investment potential.
100242,342 Example St,San Diego,2,3,550000,"Beautiful duplex with granite countertops.
    Located close to schools.
    Property is recently upgraded and includes large lot.
    Priced to sell with strong investment potential.",Beautiful duplex with granite countertops. Located close to schools. Property is recently upgraded and includes large lot. Priced to sell with strong investment potential.
100243,343 Example St,San Jose,2,2,450000,"Beautiful condo with hardwood floors.
    Located near public transportation.
    Property is fully renovated and includes private backyard.
    Priced to sell with strong investment potential.",Beautiful condominium with hardwood floors. Located near public transportation. Property is fully renovated and includes private backyard. Priced to sell with strong investment potential.
100244,344 Example St,San Diego,1,1,450000,"Beautiful duplex with solar panels.
    Located near downtown.
    Property is fixer upper and includes community pool.
    Priced to sell with strong investment potential.",Beautiful duplex with solar panels. Located near downtown. Property is fixer upper and includes community pool. Priced to sell with strong investment potential.
100245,345 Example St,San Diego,1,4,750000,"Beautiful townhouse with walk-in closet.
    Located gated community.
    Property is move-in ready and includes private backyard.
    Priced to sell with strong investment potential.",Beautiful townhouse with walk-in closet. Located gated community. Property is move-in ready and includes private backyard. Priced to sell with strong investment potential.
100246,346 Example St,Los Angeles,3,1,750000,"Beautiful condo with granite countertops.
    Located near downtown.
    Property is fixer upper and includes large lot.
    Priced to sell with strong investment potential.",Beautiful condominium with granite countertops. Located near downtown. Property is fixer upper and includes large lot. Priced to sell with strong investment potential.
100247,347 Example St,San Jose,2,3,650000,"Beautiful investment property with granite countertops.
    Located gated community.
    Property is fixer upper and includes large lot.
    Priced to sell with strong investment potential.",Beautiful investment property with granite countertops. Located gated community. Property is fixer upper and includes large lot. Priced to sell with strong investment potential.
100248,348 Example St,San Diego,4,2,350000,"Beautiful duplex with hardwood floors.
    Located minutes from shopping.
    Property is recently upgraded and includes corner lot.
    Priced to sell with strong investment potential.",Beautiful duplex with hardwood floors. Located minutes from shopping. Property is recently upgraded and includes corner lot. Priced to sell with strong investment potential.
100249,349 Example St,Los Angeles,3,2,950000,"Beautiful single family home with stainless steel appliances.
    Located minutes from shopping.
    Property is needs TLC and includes two-car garage.
    Priced to sell with strong investment potential.",Beautiful single family home with stainless steel appliances. Located minutes from shopping. Property is needs TLC and includes two-car garage. Priced to sell with strong investment potential.
100250,350 Example St,Los Angeles,1,4,850000,"Beautiful single family home with smart home system.
    Located near public transportation.
    Property is fully renovated and includes low HOA fees.
    Priced to sell with strong investment potential.",Beautiful single family home with smart home system. Located near public transportation. Property is fully renovated and includes low home owners association fees. Priced to sell with strong investment potential.
100251,351 Example St,San Diego,4,4,750000,"Beautiful investment property with walk-in closet.
    Located gated community.
    Property is recently upgraded and includes corner lot.
    Priced to sell with strong investment potential.",Beautiful investment property with walk-in closet. Located gated community. Property is recently upgraded and includes corner lot. Priced to sell with strong investment potential.
100252,352 Example St,Los Angeles,2,3,950000,"Beautiful investment property with walk-in closet.
    Located near downtown.
    Property is recently upgraded and includes low HOA fees.
    Priced to sell with strong investment potential.",Beautiful investment property with walk-in closet. Located near downtown. Property is recently upgraded and includes low home owners association fees. Priced to sell with strong investment potential.
100253,353 Example St,San Jose,3,3,350000,"Beautiful investment property with walk-in closet.
    Located near downtown.
    Property is move-in ready and includes private backyard.
    Priced to sell with strong investment potential.",Beautiful investment property with walk-in closet. Located near downtown. Property is move-in ready and includes private backyard. Priced to sell with strong investment potential.
100254,354 Example St,San Diego,2,2,650000,"Beautiful townhouse with stainless steel appliances.
    Located near public transportation.
    Property is needs TLC and includes community pool.
    Priced to sell with strong investment potential.",Beautiful townhouse with stainless steel appliances. Located near public transportation. Property is needs TLC and includes community pool. Priced to sell with strong investment potential.
100255,355 Example St,Los Angeles,4,3,550000,"Beautiful single family home with solar panels.
    Located close to schools.
    Property is recently upgraded and includes community pool.
    Priced to sell with strong investment potential.",Beautiful single family home with solar panels. Located close to schools. Property is recently upgraded and includes community pool. Priced to sell with strong investment potential.
100256,356 Example St,Los Angeles,5,1,750000,"Beautiful townhouse with vaulted ceilings.
    Located near public transportation.
    Property is newly remodeled and includes no HOA.
    Priced to sell with strong investment potential.",Beautiful townhouse with vaulted ceilings. Located near public transportation. Property is newly remodeled and includes no HOA. Priced to sell with strong investment potential.
100257,357 Example St,San Jose,5,1,550000,"Beautiful single family home with hardwood floors.
    Located walking distance to parks.
    Property is fixer upper and includes large lot.
    Priced to sell with strong investment potential.",Beautiful single family home with hardwood floors. Located walking distance to parks. Property is fixer upper and includes large lot. Priced to sell with strong investment potential.
100258,358 Example St,San Francisco,4,2,450000,"Beautiful investment property with granite countertops.
    Located gated community.
    Property is needs TLC and includes two-car garage.
    Priced to sell with strong investment potential.",Beautiful investment property with granite countertops. Located gated community. Property is needs TLC and includes two-car garage. Priced to sell with strong investment potential.
100259,359 Example St,San Diego,3,3,450000,"Beautiful investment property with hardwood floors.
    Located near public transportation.
    Property is needs TLC and includes corner lot.
    Priced to sell with strong investment potential.",Beautiful investment property with hardwood floors. Located near public transportation. Property is needs TLC and includes corner lot. Priced to sell with strong investment potential.
100260,360 Example St,San Jose,4,4,850000,"Beautiful condo with hardwood floors.
    Located quiet neighborhood.
    Property is fixer upper and includes private backyard.
    Priced to sell with strong investment potential.",Beautiful condominium with hardwood floors. Located quiet neighborhood. Property is fixer upper and includes private backyard. Priced to sell with strong investment potential.
100261,361 Example St,Los Angeles,3,4,450000,"Beautiful single family home with walk-in closet.
    Located walking distance to parks.
    Property is newly remodeled and includes low HOA fees.
    Priced to sell with strong investment potential.",Beautiful single family home with walk-in closet. Located walking distance to parks. Property is newly remodeled and includes low home owners association fees. Priced to sell with strong investment potential.
100262,362 Example St,San Jose,4,4,850000,"Beautiful duplex with vaulted ceilings.
    Located walking distance to parks.
    Property is move-in ready and includes corner lot.
    Priced to sell with strong investment potential.",Beautiful duplex with vaulted ceilings. Located walking distance to parks. Property is move-in ready and includes corner lot. Priced to sell with strong investment potential.
100263,363 Example St,San Francisco,1,1,350000,"Beautiful investment property with vaulted ceilings.
    Located minutes from shopping.
    Property is move-in ready and includes no HOA.
    Priced to sell with strong investment potential.",Beautiful investment property with vaulted ceilings. Located minutes from shopping. Property is move-in ready and includes no HOA. Priced to sell with strong investment potential.
100264,364 Example St,San Jose,3,3,950000,"Beautiful single family home with smart home system.
    Located quiet neighborhood.
    Property is fixer upper and includes two-car garage.
    Priced to sell with strong investment potential.",Beautiful single family home with smart home system. Located quiet neighborhood. Property is fixer upper and includes two-car garage. Priced to sell with strong investment potential.
100265,365 Example St,Los Angeles,5,2,450000,"Beautiful townhouse with granite countertops.
    Located gated community.
    Property is recently upgraded and includes private backyard.
    Priced to sell with strong investment potential.",Beautiful townhouse with granite countertops. Located gated community. Property is recently upgraded and includes private backyard. Priced to sell with strong investment potential.
100266,366 Example St,San Jose,3,2,550000,"Beautiful single family home with walk-in closet.
    Located close to schools.
    Property is fully renovated and includes two-car garage.
    Priced to sell with strong investment potential.",Beautiful single family home with walk-in closet. Located close to schools. Property is fully renovated and includes two-car garage. Priced to sell with strong investment potential.
100267,367 Example St,San Diego,2,2,450000,"Beautiful condo with vaulted ceilings.
    Located close to schools.
    Property is fixer upper and includes community pool.
    Priced to sell with strong investment potential.",Beautiful condominium with vaulted ceilings. Located close to schools. Property is fixer upper and includes community pool. Priced to sell with strong investment potential.
100268,368 Example St,San Jose,3,4,650000,"Beautiful condo with vaulted ceilings.
    Located minutes from shopping.
    Property is needs TLC and includes no HOA.
    Priced to sell with strong investment potential.",Beautiful condominium with vaulted ceilings. Located minutes from shopping. Property is needs TLC and includes no HOA. Priced to sell with strong investment potential.
100269,369 Example St,San Francisco,1,4,350000,"Beautiful townhouse with walk-in closet.
    Located quiet neighborhood.
    Property is needs TLC and includes large lot.
    Priced to sell with strong investment potential.",Beautiful townhouse with walk-in closet. Located quiet neighborhood. Property is needs TLC and includes large lot. Priced to sell with strong investment potential.
100270,370 Example St,San Diego,3,4,350000,"Beautiful townhouse with solar panels.
    Located close to schools.
    Property is recently upgraded and includes two-car garage.
    Priced to sell with strong investment potential.",Beautiful townhouse with solar panels. Located close to schools. Property is recently upgraded and includes two-car garage. Priced to sell with strong investment potential.
100271,371 Example St,Los Angeles,2,4,650000,"Beautiful single family home with smart home system.
    Located close to schools.
    Property is needs TLC and includes corner lot.
    Priced to sell with strong investment potential.",Beautiful single family home with smart home system. Located close to schools. Property is needs TLC and includes corner lot. Priced to sell with strong investment potential.
100272,372 Example St,San Diego,4,4,650000,"Beautiful condo with vaulted ceilings.
    Located near public transportation.
    Property is newly remodeled and includes community pool.
    Priced to sell with strong investment potential.",Beautiful condominium with vaulted ceilings. Located near public transportation. Property is newly remodeled and includes community pool. Priced to sell with strong investment potential.
100273,373 Example St,San Francisco,1,1,350000,"Beautiful investment property with stainless steel appliances.
    Located near public transportation.
    Property is newly remodeled and includes low HOA fees.
    Priced to sell with strong investment potential.",Beautiful investment property with stainless steel appliances. Located near public transportation. Property is newly remodeled and includes low home owners association fees. Priced to sell with strong investment potential.
100274,374 Example St,San Francisco,1,4,950000,"Beautiful duplex with vaulted ceilings.
    Located close to schools.
    Property is recently upgraded and includes corner lot.
    Priced to sell with strong investment potential.",Beautiful duplex with vaulted ceilings. Located close to schools. Property is recently upgraded and includes corner lot. Priced to sell with strong investment potential.
100275,375 Example St,San Francisco,5,4,650000,"Beautiful condo with solar panels.
    Located minutes from shopping.
    Property is newly remodeled and includes large lot.
    Priced to sell with strong investment potential.",Beautiful condominium with solar panels. Located minutes from shopping. Property is newly remodeled and includes large lot. Priced to sell with strong investment potential.
100276,376 Example St,San Diego,3,1,450000,"Beautiful single family home with hardwood floors.
    Located near public transportation.
    Property is fixer upper and includes corner lot.
    Priced to sell with strong investment potential.",Beautiful single family home with hardwood floors. Located near public transportation. Property is fixer upper and includes corner lot. Priced to sell with strong investment potential.
100277,377 Example St,San Diego,2,4,350000,"Beautiful investment property with granite countertops.
    Located quiet neighborhood.
    Property is newly remodeled and includes low HOA fees.
    Priced to sell with strong investment potential.",Beautiful investment property with granite countertops. Located quiet neighborhood. Property is newly remodeled and includes low home owners association fees. Priced to sell with strong investment potential.
100278,378 Example St,San Diego,4,2,650000,"Beautiful investment property with stainless steel appliances.
    Located gated community.
    Property is fixer upper and includes two-car garage.
    Priced to sell with strong investment potential.",Beautiful investment property with stainless steel appliances. Located gated community. Property is fixer upper and includes two-car garage. Priced to sell with strong investment potential.
100279,379 Example St,San Francisco,2,4,450000,"Beautiful investment property with walk-in closet.
    Located close to schools.
    Property is newly remodeled and includes large lot.
    Priced to sell with strong investment potential.",Beautiful investment property with walk-in closet. Located close to schools. Property is newly remodeled and includes large lot. Priced to sell with strong investment potential.
100280,380 Example St,Los Angeles,3,3,450000,"Beautiful investment property with open floor plan.
    Located walking distance to parks.
    Property is newly remodeled and includes corner lot.
    Priced to sell with strong investment potential.",Beautiful investment property with open floor plan. Located walking distance to parks. Property is newly remodeled and includes corner lot. Priced to sell with strong investment potential.
100281,381 Example St,Los Angeles,5,1,950000,"Beautiful condo with open floor plan.
    Located minutes from shopping.
    Property is move-in ready and includes large lot.
    Priced to sell with strong investment potential.",Beautiful condominium with open floor plan. Located minutes from shopping. Property is move-in ready and includes large lot. Priced to sell with strong investment potential.
100282,382 Example St,Los Angeles,4,1,950000,"Beautiful condo with walk-in closet.
    Located minutes from shopping.
    Property is recently upgraded and includes community pool.
    Priced to sell with strong investment potential.",Beautiful condominium with walk-in closet. Located minutes from shopping. Property is recently upgraded and includes community pool. Priced to sell with strong investment potential.
100283,383 Example St,San Francisco,3,1,550000,"Beautiful townhouse with smart home system.
    Located walking distance to parks.
    Property is newly remodeled and includes large lot.
    Priced to sell with strong investment potential.",Beautiful townhouse with smart home system. Located walking distance to parks. Property is newly remodeled and includes large lot. Priced to sell with strong investment potential.
100284,384 Example St,Los Angeles,2,1,450000,"Beautiful townhouse with solar panels.
    Located near downtown.
    Property is recently upgraded and includes community pool.
    Priced to sell with strong investment potential.",Beautiful townhouse with solar panels. Located near downtown. Property is recently upgraded and includes community pool. Priced to sell with strong investment potential.
100285,385 Example St,San Francisco,4,1,850000,"Beautiful duplex with solar panels.
    Located near downtown.
    Property is recently upgraded and includes no HOA.
    Priced to sell with strong investment potential.",Beautiful duplex with solar panels. Located near downtown. Property is recently upgraded and includes no HOA. Priced to sell with strong investment potential.
100286,386 Example St,San Francisco,5,2,450000,"Beautiful condo with open floor plan.
    Located gated community.
    Property is fully renovated and includes corner lot.
    Priced to sell with strong investment potential.",Beautiful condominium with open floor plan. Located gated community. Property is fully renovated and includes corner lot. Priced to sell with strong investment potential.
100287,387 Example St,San Francisco,1,2,750000,"Beautiful condo with hardwood floors.
    Located quiet neighborhood.
    Property is needs TLC and includes community pool.
    Priced to sell with strong investment potential.",Beautiful condominium with hardwood floors. Located quiet neighborhood. Property is needs TLC and includes community pool. Priced to sell with strong investment potential.
100288,388 Example St,San Francisco,4,4,950000,"Beautiful duplex with granite countertops.
    Located near downtown.
    Property is fixer upper and includes community pool.
    Priced to sell with strong investment potential.",Beautiful duplex with granite countertops. Located near downtown. Property is fixer upper and includes community pool. Priced to sell with strong investment potential.
100289,389 Example St,San Jose,1,4,450000,"Beautiful condo with hardwood floors.
    Located near public transportation.
    Property is fixer upper and includes low HOA fees.
    Priced to sell with strong investment potential.",Beautiful condominium with hardwood floors. Located near public transportation. Property is fixer upper and includes low home owners association fees. Priced to sell with strong investment potential.
100290,390 Example St,San Diego,2,3,750000,"Beautiful condo with walk-in closet.
    Located gated community.
    Property is fully renovated and includes two-car garage.
    Priced to sell with strong investment potential.",Beautiful condominium with walk-in closet. Located gated community. Property is fully renovated and includes two-car garage. Priced to sell with strong investment potential.
100291,391 Example St,San Francisco,1,3,550000,"Beautiful duplex with vaulted ceilings.
    Located quiet neighborhood.
    Property is fully renovated and includes community pool.
    Priced to sell with strong investment potential.",Beautiful duplex with vaulted ceilings. Located quiet neighborhood. Property is fully renovated and includes community pool. Priced to sell with strong investment potential.
100292,392 Example St,San Jose,5,3,850000,"Beautiful single family home with walk-in closet.
    Located minutes from shopping.
    Property is fixer upper and includes no HOA.
    Priced to sell with strong investment potential.",Beautiful single family home with walk-in closet. Located minutes from shopping. Property is fixer upper and includes no HOA. Priced to sell with strong investment potential.
100293,393 Example St,San Francisco,2,4,750000,"Beautiful duplex with walk-in closet.
    Located minutes from shopping.
    Property is fixer upper and includes low HOA fees.
    Priced to sell with strong investment potential.",Beautiful duplex with walk-in closet. Located minutes from shopping. Property is fixer upper and includes low home owners association fees. Priced to sell with strong investment potential.
100294,394 Example St,San Jose,5,4,650000,"Beautiful investment property with smart home system.
    Located near public transportation.
    Property is newly remodeled and includes large lot.
    Priced to sell with strong investment potential.",Beautiful investment property with smart home system. Located near public transportation. Property is newly remodeled and includes large lot. Priced to sell with strong investment potential.
100295,395 Example St,Los Angeles,1,4,550000,"Beautiful condo with granite countertops.
    Located near public transportation.
    Property is fully renovated and includes low HOA fees.
    Priced to sell with strong investment potential.",Beautiful condominium with granite countertops. Located near public transportation. Property is fully renovated and includes low home owners association fees. Priced to sell with strong investment potential.
100296,396 Example St,San Francisco,3,4,650000,"Beautiful condo with vaulted ceilings.
    Located close to schools.
    Property is needs TLC and includes private backyard.
    Priced to sell with strong investment potential.",Beautiful condominium with vaulted ceilings. Located close to schools. Property is needs TLC and includes private backyard. Priced to sell with strong investment potential.
100297,397 Example St,San Diego,1,1,550000,"Beautiful condo with stainless steel appliances.
    Located gated community.
    Property is move-in ready and includes no HOA.
    Priced to sell with strong investment potential.",Beautiful condominium with stainless steel appliances. Located gated community. Property is move-in ready and includes no HOA. Priced to sell with strong investment potential.
100298,398 Example St,San Francisco,2,3,750000,"Beautiful single family home with solar panels.
    Located gated community.
    Property is move-in ready and includes two-car garage.
    Priced to sell with strong investment potential.",Beautiful single family home with solar panels. Located gated community. Property is move-in ready and includes two-car garage. Priced to sell with strong investment potential.
100299,399 Example St,San Francisco,3,1,550000,"Beautiful investment property with stainless steel appliances.
    Located walking distance to parks.
    Property is move-in ready and includes low HOA fees.
    Priced to sell with strong investment potential.",Beautiful investment property with stainless steel appliances. Located walking distance to parks. Property is move-in ready and includes low home owners association fees. Priced to sell with strong investment potential.
100300,400 Example St,San Diego,5,4,950000,"Beautiful single family home with granite countertops.
    Located close to schools.
    Property is fully renovated and includes community pool.
    Priced to sell with strong investment potential.",Beautiful single family home with granite countertops. Located close to schools. Property is fully renovated and includes community pool. Priced to sell with strong investment potential.
100301,401 Example St,San Francisco,3,1,850000,"Beautiful single family home with granite countertops.
    Located walking distance to parks.
    Property is recently upgraded and includes private backyard.
    Priced to sell with strong investment potential.",Beautiful single family home with granite countertops. Located walking distance to parks. Property is recently upgraded and includes private backyard. Priced to sell with strong investment potential.
100302,402 Example St,San Francisco,4,2,750000,"Beautiful duplex with solar panels.
    Located near downtown.
    Property is recently upgraded and includes no HOA.
    Priced to sell with strong investment potential.",Beautiful duplex with solar panels. Located near downtown. Property is recently upgraded and includes no HOA. Priced to sell with strong investment potential.
100303,403 Example St,San Jose,5,4,750000,"Beautiful duplex with walk-in closet.
    Located quiet neighborhood.
    Property is move-in ready and includes low HOA fees.
    Priced to sell with strong investment potential.",Beautiful duplex with walk-in closet. Located quiet neighborhood. Property is move-in ready and includes low home owners association fees. Priced to sell with strong investment potential.
100304,404 Example St,San Diego,4,2,750000,"Beautiful duplex with stainless steel appliances.
    Located near public transportation.
    Property is newly remodeled and includes no HOA.
    Priced to sell with strong investment potential.",Beautiful duplex with stainless steel appliances. Located near public transportation. Property is newly remodeled and includes no HOA. Priced to sell with strong investment potential.
100305,405 Example St,San Jose,2,1,850000,"Beautiful condo with solar panels.
    Located quiet neighborhood.
    Property is fully renovated and includes two-car garage.
    Priced to sell with strong investment potential.",Beautiful condominium with solar panels. Located quiet neighborhood. Property is fully renovated and includes two-car garage. Priced to sell with strong investment potential.
100306,406 Example St,San Diego,3,3,450000,"Beautiful townhouse with smart home system.
    Located walking distance to parks.
    Property is newly remodeled and includes two-car garage.
    Priced to sell with strong investment potential.",Beautiful townhouse with smart home system. Located walking distance to parks. Property is newly remodeled and includes two-car garage. Priced to sell with strong investment potential.
100307,407 Example St,San Francisco,4,3,750000,"Beautiful duplex with hardwood floors.
    Located gated community.
    Property is fixer upper and includes two-car garage.
    Priced to sell with strong investment potential.",Beautiful duplex with hardwood floors. Located gated community. Property is fixer upper and includes two-car garage. Priced to sell with strong investment potential.
100308,408 Example St,San Jose,2,1,550000,"Beautiful duplex with hardwood floors.
    Located close to schools.
    Property is move-in ready and includes corner lot.
    Priced to sell with strong investment potential.",Beautiful duplex with hardwood floors. Located close to schools. Property is move-in ready and includes corner lot. Priced to sell with strong investment potential.
100309,409 Example St,San Francisco,3,4,750000,"Beautiful condo with walk-in closet.
    Located near public transportation.
    Property is needs TLC and includes large lot.
    Priced to sell with strong investment potential.",Beautiful condominium with walk-in closet. Located near public transportation. Property is needs TLC and includes large lot. Priced to sell with strong investment potential.
100310,410 Example St,Los Angeles,2,2,550000,"Beautiful condo with open floor plan.
    Located close to schools.
    Property is fully renovated and includes large lot.
    Priced to sell with strong investment potential.",Beautiful condominium with open floor plan. Located close to schools. Property is fully renovated and includes large lot. Priced to sell with strong investment potential.
100311,411 Example St,San Diego,3,1,850000,"Beautiful single family home with walk-in closet.
    Located close to schools.
    Property is fixer upper and includes community pool.
    Priced to sell with strong investment potential.",Beautiful single family home with walk-in closet. Located close to schools. Property is fixer upper and includes community pool. Priced to sell with strong investment potential.
100312,412 Example St,San Jose,5,4,650000,"Beautiful townhouse with walk-in closet.
    Located gated community.
    Property is move-in ready and includes community pool.
    Priced to sell with strong investment potential.",Beautiful townhouse with walk-in closet. Located gated community. Property is move-in ready and includes community pool. Priced to sell with strong investment potential.
100313,413 Example St,San Francisco,2,2,750000,"Beautiful investment property with granite countertops.
    Located walking distance to parks.
    Property is move-in ready and includes community pool.
    Priced to sell with strong investment potential.",Beautiful investment property with granite countertops. Located walking distance to parks. Property is move-in ready and includes community pool. Priced to sell with strong investment potential.
100314,414 Example St,San Jose,3,2,550000,"Beautiful single family home with granite countertops.
    Located minutes from shopping.
    Property is move-in ready and includes two-car garage.
    Priced to sell with strong investment potential.",Beautiful single family home with granite countertops. Located minutes from shopping. Property is move-in ready and includes two-car garage. Priced to sell with strong investment potential.
100315,415 Example St,San Francisco,3,4,350000,"Beautiful condo with vaulted ceilings.
    Located walking distance to parks.
    Property is fully renovated and includes two-car garage.
    Priced to sell with strong investment potential.",Beautiful condominium with vaulted ceilings. Located walking distance to parks. Property is fully renovated and includes two-car garage. Priced to sell with strong investment potential.
100316,416 Example St,San Diego,5,1,750000,"Beautiful duplex with smart home system.
    Located gated community.
    Property is fixer upper and includes large lot.
    Priced to sell with strong investment potential.",Beautiful duplex with smart home system. Located gated community. Property is fixer upper and includes large lot. Priced to sell with strong investment potential.
100317,417 Example St,San Jose,3,4,650000,"Beautiful investment property with vaulted ceilings.
    Located near downtown.
    Property is fixer upper and includes two-car garage.
    Priced to sell with strong investment potential.",Beautiful investment property with vaulted ceilings. Located near downtown. Property is fixer upper and includes two-car garage. Priced to sell with strong investment potential.
100318,418 Example St,San Diego,2,2,850000,"Beautiful duplex with hardwood floors.
    Located near downtown.
    Property is fully renovated and includes low HOA fees.
    Priced to sell with strong investment potential.",Beautiful duplex with hardwood floors. Located near downtown. Property is fully renovated and includes low home owners association fees. Priced to sell with strong investment potential.
100319,419 Example St,San Francisco,4,4,350000,"Beautiful townhouse with walk-in closet.
    Located close to schools.
    Property is move-in ready and includes two-car garage.
    Priced to sell with strong investment potential.",Beautiful townhouse with walk-in closet. Located close to schools. Property is move-in ready and includes two-car garage. Priced to sell with strong investment potential.
100320,420 Example St,San Diego,5,3,350000,"Beautiful townhouse with vaulted ceilings.
    Located near public transportation.
    Property is fixer upper and includes two-car garage.
    Priced to sell with strong investment potential.",Beautiful townhouse with vaulted ceilings. Located near public transportation. Property is fixer upper and includes two-car garage. Priced to sell with strong investment potential.
100321,421 Example St,Los Angeles,5,3,350000,"Beautiful condo with smart home system.
    Located quiet neighborhood.
    Property is newly remodeled and includes private backyard.
    Priced to sell with strong investment potential.",Beautiful condominium with smart home system. Located quiet neighborhood. Property is newly remodeled and includes private backyard. Priced to sell with strong investment potential.
100322,422 Example St,Los Angeles,1,4,550000,"Beautiful single family home with solar panels.
    Located near public transportation.
    Property is fixer upper and includes community pool.
    Priced to sell with strong investment potential.",Beautiful single family home with solar panels. Located near public transportation. Property is fixer upper and includes community pool. Priced to sell with strong investment potential.
100323,423 Example St,San Francisco,3,4,450000,"Beautiful investment property with solar panels.
    Located gated community.
    Property is recently upgraded and includes private backyard.
    Priced to sell with strong investment potential.",Beautiful investment property with solar panels. Located gated community. Property is recently upgraded and includes private backyard. Priced to sell with strong investment potential.
100324,424 Example St,San Diego,3,3,350000,"Beautiful condo with vaulted ceilings.
    Located minutes from shopping.
    Property is recently upgraded and includes large lot.
    Priced to sell with strong investment potential.",Beautiful condominium with vaulted ceilings. Located minutes from shopping. Property is recently upgraded and includes large lot. Priced to sell with strong investment potential.
100325,425 Example St,San Francisco,4,2,950000,"Beautiful townhouse with vaulted ceilings.
    Located near downtown.
    Property is needs TLC and includes private backyard.
    Priced to sell with strong investment potential.",Beautiful townhouse with vaulted ceilings. Located near downtown. Property is needs TLC and includes private backyard. Priced to sell with strong investment potential.
100326,426 Example St,San Francisco,1,3,850000,"Beautiful duplex with hardwood floors.
    Located near downtown.
    Property is move-in ready and includes large lot.
    Priced to sell with strong investment potential.",Beautiful duplex with hardwood floors. Located near downtown. Property is move-in ready and includes large lot. Priced to sell with strong investment potential.
100327,427 Example St,Los Angeles,5,1,850000,"Beautiful townhouse with open floor plan.
    Located close to schools.
    Property is fixer upper and includes two-car garage.
    Priced to sell with strong investment potential.",Beautiful townhouse with open floor plan. Located close to schools. Property is fixer upper and includes two-car garage. Priced to sell with strong investment potential.
100328,428 Example St,San Diego,2,1,950000,"Beautiful townhouse with smart home system.
    Located walking distance to parks.
    Property is needs TLC and includes private backyard.
    Priced to sell with strong investment potential.",Beautiful townhouse with smart home system. Located walking distance to parks. Property is needs TLC and includes private backyard. Priced to sell with strong investment potential.
100329,429 Example St,San Jose,1,4,850000,"Beautiful investment property with open floor plan.
    Located quiet neighborhood.
    Property is fully renovated and includes large lot.
    Priced to sell with strong investment potential.",Beautiful investment property with open floor plan. Located quiet neighborhood. Property is fully renovated and includes large lot. Priced to sell with strong investment potential.
100330,430 Example St,San Jose,3,2,550000,"Beautiful townhouse with granite countertops.
    Located close to schools.
    Property is needs TLC and includes low HOA fees.
    Priced to sell with strong investment potential.",Beautiful townhouse with granite countertops. Located close to schools. Property is needs TLC and includes low home owners association fees. Priced to sell with strong investment potential.
100331,431 Example St,San Francisco,2,2,750000,"Beautiful single family home with vaulted ceilings.
    Located quiet neighborhood.
    Property is newly remodeled and includes community pool.
    Priced to sell with strong investment potential.",Beautiful single family home with vaulted ceilings. Located quiet neighborhood. Property is newly remodeled and includes community pool. Priced to sell with strong investment potential.
100332,432 Example St,San Francisco,1,4,750000,"Beautiful investment property with open floor plan.
    Located close to schools.
    Property is recently upgraded and includes large lot.
    Priced to sell with strong investment potential.",Beautiful investment property with open floor plan. Located close to schools. Property is recently upgraded and includes large lot. Priced to sell with strong investment potential.
100333,433 Example St,San Diego,2,4,950000,"Beautiful single family home with granite countertops.
    Located gated community.
    Property is fixer upper and includes community pool.
    Priced to sell with strong investment potential.",Beautiful single family home with granite countertops. Located gated community. Property is fixer upper and includes community pool. Priced to sell with strong investment potential.
100334,434 Example St,San Francisco,1,2,550000,"Beautiful single family home with granite countertops.
    Located near downtown.
    Property is recently upgraded and includes two-car garage.
    Priced to sell with strong investment potential.",Beautiful single family home with granite countertops. Located near downtown. Property is recently upgraded and includes two-car garage. Priced to sell with strong investment potential.
100335,435 Example St,San Jose,3,3,850000,"Beautiful single family home with open floor plan.
    Located near public transportation.
    Property is newly remodeled and includes low HOA fees.
    Priced to sell with strong investment potential.",Beautiful single family home with open floor plan. Located near public transportation. Property is newly remodeled and includes low home owners association fees. Priced to sell with strong investment potential.
100336,436 Example St,San Diego,1,1,450000,"Beautiful single family home with hardwood floors.
    Located close to schools.
    Property is fully renovated and includes no HOA.
    Priced to sell with strong investment potential.",Beautiful single family home with hardwood floors. Located close to schools. Property is fully renovated and includes no HOA. Priced to sell with strong investment potential.
100337,437 Example St,San Jose,2,1,350000,"Beautiful duplex with smart home system.
    Located close to schools.
    Property is move-in ready and includes two-car garage.
    Priced to sell with strong investment potential.",Beautiful duplex with smart home system. Located close to schools. Property is move-in ready and includes two-car garage. Priced to sell with strong investment potential.
100338,438 Example St,San Jose,4,2,450000,"Beautiful investment property with vaulted ceilings.
    Located near public transportation.
    Property is needs TLC and includes community pool.
    Priced to sell with strong investment potential.",Beautiful investment property with vaulted ceilings. Located near public transportation. Property is needs TLC and includes community pool. Priced to sell with strong investment potential.
100339,439 Example St,Los Angeles,3,4,350000,"Beautiful duplex with granite countertops.
    Located close to schools.
    Property is move-in ready and includes community pool.
    Priced to sell with strong investment potential.",Beautiful duplex with granite countertops. Located close to schools. Property is move-in ready and includes community pool. Priced to sell with strong investment potential.
100340,440 Example St,San Francisco,1,3,750000,"Beautiful investment property with granite countertops.
    Located gated community.
    Property is fixer upper and includes large lot.
    Priced to sell with strong investment potential.",Beautiful investment property with granite countertops. Located gated community. Property is fixer upper and includes large lot. Priced to sell with strong investment potential.
100341,441 Example St,San Francisco,3,4,550000,"Beautiful townhouse with hardwood floors.
    Located gated community.
    Property is needs TLC and includes large lot.
    Priced to sell with strong investment potential.",Beautiful townhouse with hardwood floors. Located gated community. Property is needs TLC and includes large lot. Priced to sell with strong investment potential.
100342,442 Example St,Los Angeles,1,3,350000,"Beautiful condo with smart home system.
    Located near public transportation.
    Property is fully renovated and includes corner lot.
    Priced to sell with strong investment potential.",Beautiful condominium with smart home system. Located near public transportation. Property is fully renovated and includes corner lot. Priced to sell with strong investment potential.
100343,443 Example St,San Diego,4,2,650000,"Beautiful duplex with stainless steel appliances.
    Located near downtown.
    Property is recently upgraded and includes private backyard.
    Priced to sell with strong investment potential.",Beautiful duplex with stainless steel appliances. Located near downtown. Property is recently upgraded and includes private backyard. Priced to sell with strong investment potential.
100344,444 Example St,San Francisco,5,3,650000,"Beautiful single family home with solar panels.
    Located near public transportation.
    Property is newly remodeled and includes large lot.
    Priced to sell with strong investment potential.",Beautiful single family home with solar panels. Located near public transportation. Property is newly remodeled and includes large lot. Priced to sell with strong investment potential.
100345,445 Example St,San Diego,1,2,850000,"Beautiful townhouse with open floor plan.
    Located near public transportation.
    Property is move-in ready and includes private backyard.
    Priced to sell with strong investment potential.",Beautiful townhouse with open floor plan. Located near public transportation. Property is move-in ready and includes private backyard. Priced to sell with strong investment potential.
100346,446 Example St,San Francisco,3,3,950000,"Beautiful single family home with hardwood floors.
    Located near public transportation.
    Property is needs TLC and includes corner lot.
    Priced to sell with strong investment potential.",Beautiful single family home with hardwood floors. Located near public transportation. Property is needs TLC and includes corner lot. Priced to sell with strong investment potential.
100347,447 Example St,Los Angeles,3,2,950000,"Beautiful single family home with hardwood floors.
    Located walking distance to parks.
    Property is fixer upper and includes community pool.
    Priced to sell with strong investment potential.",Beautiful single family home with hardwood floors. Located walking distance to parks. Property is fixer upper and includes community pool. Priced to sell with strong investment potential.
100348,448 Example St,Los Angeles,4,3,750000,"Beautiful condo with open floor plan.
    Located walking distance to parks.
    Property is newly remodeled and includes no HOA.
    Priced to sell with strong investment potential.",Beautiful condominium with open floor plan. Located walking distance to parks. Property is newly remodeled and includes no HOA. Priced to sell with strong investment potential.
100349,449 Example St,San Francisco,4,1,750000,"Beautiful townhouse with smart home system.
    Located minutes from shopping.
    Property is newly remodeled and includes low HOA fees.
    Priced to sell with strong investment potential.",Beautiful townhouse with smart home system. Located minutes from shopping. Property is newly remodeled and includes low home owners association fees. Priced to sell with strong investment potential.
100350,450 Example St,San Jose,2,1,550000,"Beautiful duplex with granite countertops.
    Located walking distance to parks.
    Property is needs TLC and includes two-car garage.
    Priced to sell with strong investment potential.",Beautiful duplex with granite countertops. Located walking distance to parks. Property is needs TLC and includes two-car garage. Priced to sell with strong investment potential.
100351,451 Example St,San Francisco,5,4,450000,"Beautiful townhouse with walk-in closet.
    Located quiet neighborhood.
    Property is move-in ready and includes no HOA.
    Priced to sell with strong investment potential.",Beautiful townhouse with walk-in closet. Located quiet neighborhood. Property is move-in ready and includes no HOA. Priced to sell with strong investment potential.
100352,452 Example St,San Jose,1,3,350000,"Beautiful investment property with walk-in closet.
    Located close to schools.
    Property is move-in ready and includes large lot.
    Priced to sell with strong investment potential.",Beautiful investment property with walk-in closet. Located close to schools. Property is move-in ready and includes large lot. Priced to sell with strong investment potential.
100353,453 Example St,Los Angeles,3,3,350000,"Beautiful townhouse with vaulted ceilings.
    Located quiet neighborhood.
    Property is fully renovated and includes corner lot.
    Priced to sell with strong investment potential.",Beautiful townhouse with vaulted ceilings. Located quiet neighborhood. Property is fully renovated and includes corner lot. Priced to sell with strong investment potential.
100354,454 Example St,San Jose,2,4,750000,"Beautiful duplex with stainless steel appliances.
    Located gated community.
    Property is needs TLC and includes no HOA.
    Priced to sell with strong investment potential.",Beautiful duplex with stainless steel appliances. Located gated community. Property is needs TLC and includes no HOA. Priced to sell with strong investment potential.
100355,455 Example St,San Jose,3,3,850000,"Beautiful single family home with hardwood floors.
    Located walking distance to parks.
    Property is fixer upper and includes large lot.
    Priced to sell with strong investment potential.",Beautiful single family home with hardwood floors. Located walking distance to parks. Property is fixer upper and includes large lot. Priced to sell with strong investment potential.
100356,456 Example St,San Francisco,2,1,550000,"Beautiful single family home with walk-in closet.
    Located quiet neighborhood.
    Property is recently upgraded and includes low HOA fees.
    Priced to sell with strong investment potential.",Beautiful single family home with walk-in closet. Located quiet neighborhood. Property is recently upgraded and includes low home owners association fees. Priced to sell with strong investment potential.
100357,457 Example St,Los Angeles,4,4,850000,"Beautiful duplex with stainless steel appliances.
    Located walking distance to parks.
    Property is move-in ready and includes community pool.
    Priced to sell with strong investment potential.",Beautiful duplex with stainless steel appliances. Located walking distance to parks. Property is move-in ready and includes community pool. Priced to sell with strong investment potential.
100358,458 Example St,San Francisco,5,2,750000,"Beautiful townhouse with walk-in closet.
    Located minutes from shopping.
    Property is move-in ready and includes low HOA fees.
    Priced to sell with strong investment potential.",Beautiful townhouse with walk-in closet. Located minutes from shopping. Property is move-in ready and includes low home owners association fees. Priced to sell with strong investment potential.
100359,459 Example St,San Francisco,3,1,550000,"Beautiful condo with vaulted ceilings.
    Located near downtown.
    Property is needs TLC and includes community pool.
    Priced to sell with strong investment potential.",Beautiful condominium with vaulted ceilings. Located near downtown. Property is needs TLC and includes community pool. Priced to sell with strong investment potential.
100360,460 Example St,San Jose,5,3,950000,"Beautiful investment property with granite countertops.
    Located near public transportation.
    Property is needs TLC and includes large lot.
    Priced to sell with strong investment potential.",Beautiful investment property with granite countertops. Located near public transportation. Property is needs TLC and includes large lot. Priced to sell with strong investment potential.
100361,461 Example St,San Francisco,1,2,350000,"Beautiful townhouse with stainless steel appliances.
    Located near downtown.
    Property is newly remodeled and includes corner lot.
    Priced to sell with strong investment potential.",Beautiful townhouse with stainless steel appliances. Located near downtown. Property is newly remodeled and includes corner lot. Priced to sell with strong investment potential.
100362,462 Example St,San Jose,4,1,350000,"Beautiful duplex with hardwood floors.
    Located close to schools.
    Property is recently upgraded and includes large lot.
    Priced to sell with strong investment potential.",Beautiful duplex with hardwood floors. Located close to schools. Property is recently upgraded and includes large lot. Priced to sell with strong investment potential.
100363,463 Example St,San Francisco,1,1,950000,"Beautiful single family home with granite countertops.
    Located quiet neighborhood.
    Property is fully renovated and includes private backyard.
    Priced to sell with strong investment potential.",Beautiful single family home with granite countertops. Located quiet neighborhood. Property is fully renovated and includes private backyard. Priced to sell with strong investment potential.
100364,464 Example St,Los Angeles,2,3,850000,"Beautiful duplex with granite countertops.
    Located quiet neighborhood.
    Property is newly remodeled and includes two-car garage.
    Priced to sell with strong investment potential.",Beautiful duplex with granite countertops. Located quiet neighborhood. Property is newly remodeled and includes two-car garage. Priced to sell with strong investment potential.
100365,465 Example St,San Jose,1,3,350000,"Beautiful townhouse with walk-in closet.
    Located near public transportation.
    Property is fixer upper and includes community pool.
    Priced to sell with strong investment potential.",Beautiful townhouse with walk-in closet. Located near public transportation. Property is fixer upper and includes community pool. Priced to sell with strong investment potential.
100366,466 Example St,San Jose,2,1,950000,"Beautiful condo with vaulted ceilings.
    Located near downtown.
    Property is fully renovated and includes two-car garage.
    Priced to sell with strong investment potential.",Beautiful condominium with vaulted ceilings. Located near downtown. Property is fully renovated and includes two-car garage. Priced to sell with strong investment potential.
100367,467 Example St,Los Angeles,4,1,350000,"Beautiful investment property with walk-in closet.
    Located minutes from shopping.
    Property is move-in ready and includes corner lot.
    Priced to sell with strong investment potential.",Beautiful investment property with walk-in closet. Located minutes from shopping. Property is move-in ready and includes corner lot. Priced to sell with strong investment potential.
100368,468 Example St,San Francisco,4,1,550000,"Beautiful duplex with open floor plan.
    Located gated community.
    Property is recently upgraded and includes corner lot.
    Priced to sell with strong investment potential.",Beautiful duplex with open floor plan. Located gated community. Property is recently upgraded and includes corner lot. Priced to sell with strong investment potential.
100369,469 Example St,San Diego,1,2,650000,"Beautiful condo with hardwood floors.
    Located near public transportation.
    Property is move-in ready and includes large lot.
    Priced to sell with strong investment potential.",Beautiful condominium with hardwood floors. Located near public transportation. Property is move-in ready and includes large lot. Priced to sell with strong investment potential.
100370,470 Example St,Los Angeles,5,1,450000,"Beautiful investment property with hardwood floors.
    Located minutes from shopping.
    Property is needs TLC and includes no HOA.
    Priced to sell with strong investment potential.",Beautiful investment property with hardwood floors. Located minutes from shopping. Property is needs TLC and includes no HOA. Priced to sell with strong investment potential.
100371,471 Example St,San Diego,3,1,950000,"Beautiful duplex with stainless steel appliances.
    Located minutes from shopping.
    Property is move-in ready and includes low HOA fees.
    Priced to sell with strong investment potential.",Beautiful duplex with stainless steel appliances. Located minutes from shopping. Property is move-in ready and includes low home owners association fees. Priced to sell with strong investment potential.
100372,472 Example St,San Jose,2,3,350000,"Beautiful investment property with stainless steel appliances.
    Located walking distance to parks.
    Property is recently upgraded and includes two-car garage.
    Priced to sell with strong investment potential.",Beautiful investment property with stainless steel appliances. Located walking distance to parks. Property is recently upgraded and includes two-car garage. Priced to sell with strong investment potential.
100373,473 Example St,San Diego,2,2,950000,"Beautiful investment property with solar panels.
    Located near public transportation.
    Property is fully renovated and includes corner lot.
    Priced to sell with strong investment potential.",Beautiful investment property with solar panels. Located near public transportation. Property is fully renovated and includes corner lot. Priced to sell with strong investment potential.
100374,474 Example St,San Diego,2,2,450000,"Beautiful single family home with vaulted ceilings.
    Located walking distance to parks.
    Property is recently upgraded and includes large lot.
    Priced to sell with strong investment potential.",Beautiful single family home with vaulted ceilings. Located walking distance to parks. Property is recently upgraded and includes large lot. Priced to sell with strong investment potential.
100375,475 Example St,San Jose,2,4,850000,"Beautiful condo with open floor plan.
    Located walking distance to parks.
    Property is recently upgraded and includes private backyard.
    Priced to sell with strong investment potential.",Beautiful condominium with open floor plan. Located walking distance to parks. Property is recently upgraded and includes private backyard. Priced to sell with strong investment potential.
100376,476 Example St,Los Angeles,3,2,850000,"Beautiful townhouse with smart home system.
    Located minutes from shopping.
    Property is fully renovated and includes low HOA fees.
    Priced to sell with strong investment potential.",Beautiful townhouse with smart home system. Located minutes from shopping. Property is fully renovated and includes low home owners association fees. Priced to sell with strong investment potential.
100377,477 Example St,San Francisco,2,1,550000,"Beautiful duplex with smart home system.
    Located close to schools.
    Property is fixer upper and includes private backyard.
    Priced to sell with strong investment potential.",Beautiful duplex with smart home system. Located close to schools. Property is fixer upper and includes private backyard. Priced to sell with strong investment potential.
100378,478 Example St,San Francisco,1,1,450000,"Beautiful investment property with open floor plan.
    Located close to schools.
    Property is fully renovated and includes corner lot.
    Priced to sell with strong investment potential.",Beautiful investment property with open floor plan. Located close to schools. Property is fully renovated and includes corner lot. Priced to sell with strong investment potential.
100379,479 Example St,San Diego,2,3,650000,"Beautiful investment property with stainless steel appliances.
    Located close to schools.
    Property is needs TLC and includes private backyard.
    Priced to sell with strong investment potential.",Beautiful investment property with stainless steel appliances. Located close to schools. Property is needs TLC and includes private backyard. Priced to sell with strong investment potential.
100380,480 Example St,Los Angeles,4,2,550000,"Beautiful condo with smart home system.
    Located walking distance to parks.
    Property is fixer upper and includes community pool.
    Priced to sell with strong investment potential.",Beautiful condominium with smart home system. Located walking distance to parks. Property is fixer upper and includes community pool. Priced to sell with strong investment potential.
100381,481 Example St,San Diego,5,1,850000,"Beautiful townhouse with granite countertops.
    Located gated community.
    Property is newly remodeled and includes two-car garage.
    Priced to sell with strong investment potential.",Beautiful townhouse with granite countertops. Located gated community. Property is newly remodeled and includes two-car garage. Priced to sell with strong investment potential.
100382,482 Example St,San Diego,1,3,850000,"Beautiful investment property with granite countertops.
    Located walking distance to parks.
    Property is recently upgraded and includes two-car garage.
    Priced to sell with strong investment potential.",Beautiful investment property with granite countertops. Located walking distance to parks. Property is recently upgraded and includes two-car garage. Priced to sell with strong investment potential.
100383,483 Example St,San Diego,1,4,450000,"Beautiful single family home with walk-in closet.
    Located near public transportation.
    Property is newly remodeled and includes low HOA fees.
    Priced to sell with strong investment potential.",Beautiful single family home with walk-in closet. Located near public transportation. Property is newly remodeled and includes low home owners association fees. Priced to sell with strong investment potential.
100384,484 Example St,San Diego,4,4,950000,"Beautiful single family home with granite countertops.
    Located walking distance to parks.
    Property is needs TLC and includes two-car garage.
    Priced to sell with strong investment potential.",Beautiful single family home with granite countertops. Located walking distance to parks. Property is needs TLC and includes two-car garage. Priced to sell with strong investment potential.
100385,485 Example St,San Jose,3,2,950000,"Beautiful townhouse with stainless steel appliances.
    Located near public transportation.
    Property is move-in ready and includes private backyard.
    Priced to sell with strong investment potential.",Beautiful townhouse with stainless steel appliances. Located near public transportation. Property is move-in ready and includes private backyard. Priced to sell with strong investment potential.
100386,486 Example St,San Jose,2,2,650000,"Beautiful townhouse with smart home system.
    Located near downtown.
    Property is move-in ready and includes community pool.
    Priced to sell with strong investment potential.",Beautiful townhouse with smart home system. Located near downtown. Property is move-in ready and includes community pool. Priced to sell with strong investment potential.
100387,487 Example St,Los Angeles,5,3,850000,"Beautiful condo with granite countertops.
    Located gated community.
    Property is fully renovated and includes low HOA fees.
    Priced to sell with strong investment potential.",Beautiful condominium with granite countertops. Located gated community. Property is fully renovated and includes low home owners association fees. Priced to sell with strong investment potential.
100388,488 Example St,San Diego,5,3,850000,"Beautiful townhouse with stainless steel appliances.
    Located gated community.
    Property is move-in ready and includes corner lot.
    Priced to sell with strong investment potential.",Beautiful townhouse with stainless steel appliances. Located gated community. Property is move-in ready and includes corner lot. Priced to sell with strong investment potential.
100389,489 Example St,San Jose,3,1,950000,"Beautiful single family home with walk-in closet.
    Located gated community.
    Property is recently upgraded and includes large lot.
    Priced to sell with strong investment potential.",Beautiful single family home with walk-in closet. Located gated community. Property is recently upgraded and includes large lot. Priced to sell with strong investment potential.
100390,490 Example St,San Diego,2,2,750000,"Beautiful condo with smart home system.
    Located close to schools.
    Property is fully renovated and includes community pool.
    Priced to sell with strong investment potential.",Beautiful condominium with smart home system. Located close to schools. Property is fully renovated and includes community pool. Priced to sell with strong investment potential.
100391,491 Example St,San Diego,3,2,950000,"Beautiful single family home with hardwood floors.
    Located walking distance to parks.
    Property is newly remodeled and includes low HOA fees.
    Priced to sell with strong investment potential.",Beautiful single family home with hardwood floors. Located walking distance to parks. Property is newly remodeled and includes low home owners association fees. Priced to sell with strong investment potential.
100392,492 Example St,San Jose,5,1,350000,"Beautiful single family home with smart home system.
    Located near downtown.
    Property is recently upgraded and includes private backyard.
    Priced to sell with strong investment potential.",Beautiful single family home with smart home system. Located near downtown. Property is recently upgraded and includes private backyard. Priced to sell with strong investment potential.
100393,493 Example St,San Francisco,3,1,950000,"Beautiful investment property with granite countertops.
    Located close to schools.
    Property is fully renovated and includes community pool.
    Priced to sell with strong investment potential.",Beautiful investment property with granite countertops. Located close to schools. Property is fully renovated and includes community pool. Priced to sell with strong investment potential.
100394,494 Example St,San Jose,5,4,850000,"Beautiful townhouse with open floor plan.
    Located near public transportation.
    Property is move-in ready and includes community pool.
    Priced to sell with strong investment potential.",Beautiful townhouse with open floor plan. Located near public transportation. Property is move-in ready and includes community pool. Priced to sell with strong investment potential.
100395,495 Example St,San Jose,1,2,550000,"Beautiful single family home with vaulted ceilings.
    Located walking distance to parks.
    Property is needs TLC and includes large lot.
    Priced to sell with strong investment potential.",Beautiful single family home with vaulted ceilings. Located walking distance to parks. Property is needs TLC and includes large lot. Priced to sell with strong investment potential.
100396,496 Example St,San Francisco,5,4,650000,"Beautiful townhouse with stainless steel appliances.
    Located near downtown.
    Property is fixer upper and includes no HOA.
    Priced to sell with strong investment potential.",Beautiful townhouse with stainless steel appliances. Located near downtown. Property is fixer upper and includes no HOA. Priced to sell with strong investment potential.
100397,497 Example St,San Francisco,1,1,750000,"Beautiful duplex with vaulted ceilings.
    Located walking distance to parks.
    Property is move-in ready and includes corner lot.
    Priced to sell with strong investment potential.",Beautiful duplex with vaulted ceilings. Located walking distance to parks. Property is move-in ready and includes corner lot. Priced to sell with strong investment potential.
100398,498 Example St,San Francisco,3,4,450000,"Beautiful condo with hardwood floors.
    Located walking distance to parks.
    Property is needs TLC and includes private backyard.
    Priced to sell with strong investment potential.",Beautiful condominium with hardwood floors. Located walking distance to parks. Property is needs TLC and includes private backyard. Priced to sell with strong investment potential.
100399,499 Example St,San Jose,2,4,550000,"Beautiful duplex with hardwood floors.
    Located minutes from shopping.
    Property is recently upgraded and includes large lot.
    Priced to sell with strong investment potential.",Beautiful duplex with hardwood floors. Located minutes from shopping. Property is recently upgraded and includes large lot. Priced to sell with strong investment potential.
100400,500 Example St,San Diego,1,2,950000,"Beautiful duplex with smart home system.
    Located walking distance to parks.
    Property is recently upgraded and includes no HOA.
    Priced to sell with strong investment potential.",Beautiful duplex with smart home system. Located walking distance to parks. Property is recently upgraded and includes no HOA. Priced to sell with strong investment potential.
100401,501 Example St,San Francisco,3,1,950000,"Beautiful investment property with open floor plan.
    Located near public transportation.
    Property is fully renovated and includes private backyard.
    Priced to sell with strong investment potential.",Beautiful investment property with open floor plan. Located near public transportation. Property is fully renovated and includes private backyard. Priced to sell with strong investment potential.
100402,502 Example St,San Jose,3,2,750000,"Beautiful condo with vaulted ceilings.
    Located gated community.
    Property is fully renovated and includes no HOA.
    Priced to sell with strong investment potential.",Beautiful condominium with vaulted ceilings. Located gated community. Property is fully renovated and includes no HOA. Priced to sell with strong investment potential.
100403,503 Example St,San Diego,5,1,550000,"Beautiful townhouse with smart home system.
    Located minutes from shopping.
    Property is newly remodeled and includes community pool.
    Priced to sell with strong investment potential.",Beautiful townhouse with smart home system. Located minutes from shopping. Property is newly remodeled and includes community pool. Priced to sell with strong investment potential.
100404,504 Example St,San Francisco,4,1,450000,"Beautiful condo with granite countertops.
    Located minutes from shopping.
    Property is needs TLC and includes private backyard.
    Priced to sell with strong investment potential.",Beautiful condominium with granite countertops. Located minutes from shopping. Property is needs TLC and includes private backyard. Priced to sell with strong investment potential.
100405,505 Example St,Los Angeles,2,2,650000,"Beautiful duplex with walk-in closet.
    Located gated community.
    Property is newly remodeled and includes community pool.
    Priced to sell with strong investment potential.",Beautiful duplex with walk-in closet. Located gated community. Property is newly remodeled and includes community pool. Priced to sell with strong investment potential.
100406,506 Example St,Los Angeles,1,3,750000,"Beautiful townhouse with hardwood floors.
    Located close to schools.
    Property is needs TLC and includes large lot.
    Priced to sell with strong investment potential.",Beautiful townhouse with hardwood floors. Located close to schools. Property is needs TLC and includes large lot. Priced to sell with strong investment potential.
100407,507 Example St,San Jose,3,3,550000,"Beautiful single family home with smart home system.
    Located close to schools.
    Property is fixer upper and includes community pool.
    Priced to sell with strong investment potential.",Beautiful single family home with smart home system. Located close to schools. Property is fixer upper and includes community pool. Priced to sell with strong investment potential.
100408,508 Example St,San Francisco,5,2,450000,"Beautiful single family home with walk-in closet.
    Located gated community.
    Property is needs TLC and includes no HOA.
    Priced to sell with strong investment potential.",Beautiful single family home with walk-in closet. Located gated community. Property is needs TLC and includes no HOA. Priced to sell with strong investment potential.
100409,509 Example St,Los Angeles,3,3,850000,"Beautiful townhouse with granite countertops.
    Located gated community.
    Property is fixer upper and includes two-car garage.
    Priced to sell with strong investment potential.",Beautiful townhouse with granite countertops. Located gated community. Property is fixer upper and includes two-car garage. Priced to sell with strong investment potential.
100410,510 Example St,Los Angeles,2,3,450000,"Beautiful condo with stainless steel appliances.
    Located gated community.
    Property is needs TLC and includes private backyard.
    Priced to sell with strong investment potential.",Beautiful condominium with stainless steel appliances. Located gated community. Property is needs TLC and includes private backyard. Priced to sell with strong investment potential.
100411,511 Example St,San Jose,5,1,750000,"Beautiful condo with granite countertops.
    Located gated community.
    Property is newly remodeled and includes no HOA.
    Priced to sell with strong investment potential.",Beautiful condominium with granite countertops. Located gated community. Property is newly remodeled and includes no HOA. Priced to sell with strong investment potential.
100412,512 Example St,San Francisco,3,2,650000,"Beautiful duplex with walk-in closet.
    Located gated community.
    Property is newly remodeled and includes two-car garage.
    Priced to sell with strong investment potential.",Beautiful duplex with walk-in closet. Located gated community. Property is newly remodeled and includes two-car garage. Priced to sell with strong investment potential.
100413,513 Example St,Los Angeles,3,4,850000,"Beautiful townhouse with open floor plan.
    Located walking distance to parks.
    Property is newly remodeled and includes no HOA.
    Priced to sell with strong investment potential.",Beautiful townhouse with open floor plan. Located walking distance to parks. Property is newly remodeled and includes no HOA. Priced to sell with strong investment potential.
100414,514 Example St,Los Angeles,3,1,350000,"Beautiful townhouse with smart home system.
    Located close to schools.
    Property is recently upgraded and includes private backyard.
    Priced to sell with strong investment potential.",Beautiful townhouse with smart home system. Located close to schools. Property is recently upgraded and includes private backyard. Priced to sell with strong investment potential.
100415,515 Example St,San Diego,2,1,350000,"Beautiful condo with walk-in closet.
    Located close to schools.
    Property is needs TLC and includes low HOA fees.
    Priced to sell with strong investment potential.",Beautiful condominium with walk-in closet. Located close to schools. Property is needs TLC and includes low home owners association fees. Priced to sell with strong investment potential.
100416,516 Example St,Los Angeles,3,3,350000,"Beautiful investment property with open floor plan.
    Located near public transportation.
    Property is recently upgraded and includes no HOA.
    Priced to sell with strong investment potential.",Beautiful investment property with open floor plan. Located near public transportation. Property is recently upgraded and includes no HOA. Priced to sell with strong investment potential.
100417,517 Example St,San Jose,2,3,650000,"Beautiful townhouse with solar panels.
    Located quiet neighborhood.
    Property is newly remodeled and includes community pool.
    Priced to sell with strong investment potential.",Beautiful townhouse with solar panels. Located quiet neighborhood. Property is newly remodeled and includes community pool. Priced to sell with strong investment potential.
100418,518 Example St,San Jose,1,2,550000,"Beautiful townhouse with stainless steel appliances.
    Located near downtown.
    Property is fully renovated and includes private backyard.
    Priced to sell with strong investment potential.",Beautiful townhouse with stainless steel appliances. Located near downtown. Property is fully renovated and includes private backyard. Priced to sell with strong investment potential.
100419,519 Example St,Los Angeles,3,1,550000,"Beautiful townhouse with vaulted ceilings.
    Located quiet neighborhood.
    Property is move-in ready and includes private backyard.
    Priced to sell with strong investment potential.",Beautiful townhouse with vaulted ceilings. Located quiet neighborhood. Property is move-in ready and includes private backyard. Priced to sell with strong investment potential.
100420,520 Example St,San Diego,2,1,550000,"Beautiful investment property with walk-in closet.
    Located gated community.
    Property is recently upgraded and includes low HOA fees.
    Priced to sell with strong investment potential.",Beautiful investment property with walk-in closet. Located gated community. Property is recently upgraded and includes low home owners association fees. Priced to sell with strong investment potential.
100421,521 Example St,San Francisco,5,2,650000,"Beautiful duplex with solar panels.
    Located near downtown.
    Property is recently upgraded and includes corner lot.
    Priced to sell with strong investment potential.",Beautiful duplex with solar panels. Located near downtown. Property is recently upgraded and includes corner lot. Priced to sell with strong investment potential.
100422,522 Example St,San Diego,4,3,850000,"Beautiful single family home with solar panels.
    Located gated community.
    Property is move-in ready and includes community pool.
    Priced to sell with strong investment potential.",Beautiful single family home with solar panels. Located gated community. Property is move-in ready and includes community pool. Priced to sell with strong investment potential.
100423,523 Example St,Los Angeles,1,2,850000,"Beautiful townhouse with open floor plan.
    Located walking distance to parks.
    Property is fixer upper and includes no HOA.
    Priced to sell with strong investment potential.",Beautiful townhouse with open floor plan. Located walking distance to parks. Property is fixer upper and includes no HOA. Priced to sell with strong investment potential.
100424,524 Example St,Los Angeles,2,3,550000,"Beautiful townhouse with vaulted ceilings.
    Located near public transportation.
    Property is newly remodeled and includes community pool.
    Priced to sell with strong investment potential.",Beautiful townhouse with vaulted ceilings. Located near public transportation. Property is newly remodeled and includes community pool. Priced to sell with strong investment potential.
100425,525 Example St,San Jose,2,3,450000,"Beautiful duplex with open floor plan.
    Located near downtown.
    Property is fixer upper and includes no HOA.
    Priced to sell with strong investment potential.",Beautiful duplex with open floor plan. Located near downtown. Property is fixer upper and includes no HOA. Priced to sell with strong investment potential.
100426,526 Example St,San Francisco,2,1,350000,"Beautiful condo with granite countertops.
    Located quiet neighborhood.
    Property is needs TLC and includes two-car garage.
    Priced to sell with strong investment potential.",Beautiful condominium with granite countertops. Located quiet neighborhood. Property is needs TLC and includes two-car garage. Priced to sell with strong investment potential.
100427,527 Example St,Los Angeles,1,4,750000,"Beautiful single family home with vaulted ceilings.
    Located minutes from shopping.
    Property is fixer upper and includes low HOA fees.
    Priced to sell with strong investment potential.",Beautiful single family home with vaulted ceilings. Located minutes from shopping. Property is fixer upper and includes low home owners association fees. Priced to sell with strong investment potential.
100428,528 Example St,Los Angeles,4,4,750000,"Beautiful investment property with walk-in closet.
    Located quiet neighborhood.
    Property is fixer upper and includes corner lot.
    Priced to sell with strong investment potential.",Beautiful investment property with walk-in closet. Located quiet neighborhood. Property is fixer upper and includes corner lot. Priced to sell with strong investment potential.
100429,529 Example St,Los Angeles,5,3,550000,"Beautiful townhouse with solar panels.
    Located quiet neighborhood.
    Property is move-in ready and includes community pool.
    Priced to sell with strong investment potential.",Beautiful townhouse with solar panels. Located quiet neighborhood. Property is move-in ready and includes community pool. Priced to sell with strong investment potential.
100430,530 Example St,San Diego,1,1,350000,"Beautiful condo with vaulted ceilings.
    Located minutes from shopping.
    Property is move-in ready and includes low HOA fees.
    Priced to sell with strong investment potential.",Beautiful condominium with vaulted ceilings. Located minutes from shopping. Property is move-in ready and includes low home owners association fees. Priced to sell with strong investment potential.
100431,531 Example St,San Jose,4,3,350000,"Beautiful investment property with open floor plan.
    Located walking distance to parks.
    Property is move-in ready and includes low HOA fees.
    Priced to sell with strong investment potential.",Beautiful investment property with open floor plan. Located walking distance to parks. Property is move-in ready and includes low home owners association fees. Priced to sell with strong investment potential.
100432,532 Example St,San Francisco,4,2,550000,"Beautiful single family home with granite countertops.
    Located quiet neighborhood.
    Property is fixer upper and includes community pool.
    Priced to sell with strong investment potential.",Beautiful single family home with granite countertops. Located quiet neighborhood. Property is fixer upper and includes community pool. Priced to sell with strong investment potential.
100433,533 Example St,San Jose,5,3,650000,"Beautiful condo with solar panels.
    Located minutes from shopping.
    Property is needs TLC and includes low HOA fees.
    Priced to sell with strong investment potential.",Beautiful condominium with solar panels. Located minutes from shopping. Property is needs TLC and includes low home owners association fees. Priced to sell with strong investment potential.
100434,534 Example St,San Francisco,5,3,550000,"Beautiful condo with hardwood floors.
    Located walking distance to parks.
    Property is fully renovated and includes corner lot.
    Priced to sell with strong investment potential.",Beautiful condominium with hardwood floors. Located walking distance to parks. Property is fully renovated and includes corner lot. Priced to sell with strong investment potential.
100435,535 Example St,San Francisco,5,2,650000,"Beautiful single family home with open floor plan.
    Located near public transportation.
    Property is recently upgraded and includes two-car garage.
    Priced to sell with strong investment potential.",Beautiful single family home with open floor plan. Located near public transportation. Property is recently upgraded and includes two-car garage. Priced to sell with strong investment potential.
100436,536 Example St,San Diego,4,2,650000,"Beautiful townhouse with vaulted ceilings.
    Located minutes from shopping.
    Property is fully renovated and includes two-car garage.
    Priced to sell with strong investment potential.",Beautiful townhouse with vaulted ceilings. Located minutes from shopping. Property is fully renovated and includes two-car garage. Priced to sell with strong investment potential.
100437,537 Example St,San Diego,4,3,450000,"Beautiful townhouse with stainless steel appliances.
    Located minutes from shopping.
    Property is fully renovated and includes large lot.
    Priced to sell with strong investment potential.",Beautiful townhouse with stainless steel appliances. Located minutes from shopping. Property is fully renovated and includes large lot. Priced to sell with strong investment potential.
100438,538 Example St,Los Angeles,5,4,750000,"Beautiful single family home with smart home system.
    Located quiet neighborhood.
    Property is fixer upper and includes large lot.
    Priced to sell with strong investment potential.",Beautiful single family home with smart home system. Located quiet neighborhood. Property is fixer upper and includes large lot. Priced to sell with strong investment potential.
100439,539 Example St,Los Angeles,3,1,350000,"Beautiful townhouse with walk-in closet.
    Located near public transportation.
    Property is move-in ready and includes corner lot.
    Priced to sell with strong investment potential.",Beautiful townhouse with walk-in closet. Located near public transportation. Property is move-in ready and includes corner lot. Priced to sell with strong investment potential.
100440,540 Example St,San Francisco,2,3,450000,"Beautiful investment property with solar panels.
    Located close to schools.
    Property is newly remodeled and includes low HOA fees.
    Priced to sell with strong investment potential.",Beautiful investment property with solar panels. Located close to schools. Property is newly remodeled and includes low home owners association fees. Priced to sell with strong investment potential.
100441,541 Example St,San Diego,2,1,650000,"Beautiful townhouse with smart home system.
    Located quiet neighborhood.
    Property is fixer upper and includes corner lot.
    Priced to sell with strong investment potential.",Beautiful townhouse with smart home system. Located quiet neighborhood. Property is fixer upper and includes corner lot. Priced to sell with strong investment potential.
100442,542 Example St,San Diego,5,3,850000,"Beautiful condo with open floor plan.
    Located near public transportation.
    Property is needs TLC and includes low HOA fees.
    Priced to sell with strong investment potential.",Beautiful condominium with open floor plan. Located near public transportation. Property is needs TLC and includes low home owners association fees. Priced to sell with strong investment potential.
100443,543 Example St,San Jose,2,3,950000,"Beautiful investment property with walk-in closet.
    Located gated community.
    Property is fixer upper and includes low HOA fees.
    Priced to sell with strong investment potential.",Beautiful investment property with walk-in closet. Located gated community. Property is fixer upper and includes low home owners association fees. Priced to sell with strong investment potential.
100444,544 Example St,San Diego,4,2,550000,"Beautiful duplex with hardwood floors.
    Located near downtown.
    Property is newly remodeled and includes low HOA fees.
    Priced to sell with strong investment potential.",Beautiful duplex with hardwood floors. Located near downtown. Property is newly remodeled and includes low home owners association fees. Priced to sell with strong investment potential.
100445,545 Example St,San Diego,3,3,450000,"Beautiful duplex with solar panels.
    Located gated community.
    Property is fixer upper and includes large lot.
    Priced to sell with strong investment potential.",Beautiful duplex with solar panels. Located gated community. Property is fixer upper and includes large lot. Priced to sell with strong investment potential.
100446,546 Example St,San Jose,2,3,850000,"Beautiful condo with vaulted ceilings.
    Located gated community.
    Property is fully renovated and includes low HOA fees.
    Priced to sell with strong investment potential.",Beautiful condominium with vaulted ceilings. Located gated community. Property is fully renovated and includes low home owners association fees. Priced to sell with strong investment potential.
100447,547 Example St,San Jose,3,3,550000,"Beautiful duplex with vaulted ceilings.
    Located near public transportation.
    Property is fully renovated and includes two-car garage.
    Priced to sell with strong investment potential.",Beautiful duplex with vaulted ceilings. Located near public transportation. Property is fully renovated and includes two-car garage. Priced to sell with strong investment potential.
100448,548 Example St,Los Angeles,4,4,350000,"Beautiful investment property with open floor plan.
    Located close to schools.
    Property is needs TLC and includes community pool.
    Priced to sell with strong investment potential.",Beautiful investment property with open floor plan. Located close to schools. Property is needs TLC and includes community pool. Priced to sell with strong investment potential.
100449,549 Example St,San Francisco,1,4,850000,"Beautiful investment property with stainless steel appliances.
    Located near downtown.
    Property is fully renovated and includes no HOA.
    Priced to sell with strong investment potential.",Beautiful investment property with stainless steel appliances. Located near downtown. Property is fully renovated and includes no HOA. Priced to sell with strong investment potential.
100450,550 Example St,San Jose,1,4,750000,"Beautiful single family home with hardwood floors.
    Located quiet neighborhood.
    Property is newly remodeled and includes private backyard.
    Priced to sell with strong investment potential.",Beautiful single family home with hardwood floors. Located quiet neighborhood. Property is newly remodeled and includes private backyard. Priced to sell with strong investment potential.
100451,551 Example St,San Jose,5,2,850000,"Beautiful townhouse with stainless steel appliances.
    Located near downtown.
    Property is needs TLC and includes large lot.
    Priced to sell with strong investment potential.",Beautiful townhouse with stainless steel appliances. Located near downtown. Property is needs TLC and includes large lot. Priced to sell with strong investment potential.
100452,552 Example St,Los Angeles,4,2,550000,"Beautiful townhouse with vaulted ceilings.
    Located near downtown.
    Property is newly remodeled and includes large lot.
    Priced to sell with strong investment potential.",Beautiful townhouse with vaulted ceilings. Located near downtown. Property is newly remodeled and includes large lot. Priced to sell with strong investment potential.
100453,553 Example St,San Diego,4,3,450000,"Beautiful single family home with smart home system.
    Located near public transportation.
    Property is newly remodeled and includes community pool.
    Priced to sell with strong investment potential.",Beautiful single family home with smart home system. Located near public transportation. Property is newly remodeled and includes community pool. Priced to sell with strong investment potential.
100454,554 Example St,San Francisco,4,2,650000,"Beautiful investment property with hardwood floors.
    Located close to schools.
    Property is move-in ready and includes no HOA.
    Priced to sell with strong investment potential.",Beautiful investment property with hardwood floors. Located close to schools. Property is move-in ready and includes no HOA. Priced to sell with strong investment potential.
100455,555 Example St,Los Angeles,4,4,850000,"Beautiful condo with solar panels.
    Located near downtown.
    Property is fully renovated and includes private backyard.
    Priced to sell with strong investment potential.",Beautiful condominium with solar panels. Located near downtown. Property is fully renovated and includes private backyard. Priced to sell with strong investment potential.
100456,556 Example St,San Diego,3,2,850000,"Beautiful investment property with open floor plan.
    Located near downtown.
    Property is move-in ready and includes two-car garage.
    Priced to sell with strong investment potential.",Beautiful investment property with open floor plan. Located near downtown. Property is move-in ready and includes two-car garage. Priced to sell with strong investment potential.
100457,557 Example St,San Diego,4,4,350000,"Beautiful investment property with granite countertops.
    Located minutes from shopping.
    Property is recently upgraded and includes low HOA fees.
    Priced to sell with strong investment potential.",Beautiful investment property with granite countertops. Located minutes from shopping. Property is recently upgraded and includes low home owners association fees. Priced to sell with strong investment potential.
100458,558 Example St,San Jose,4,3,550000,"Beautiful single family home with vaulted ceilings.
    Located near downtown.
    Property is fixer upper and includes no HOA.
    Priced to sell with strong investment potential.",Beautiful single family home with vaulted ceilings. Located near downtown. Property is fixer upper and includes no HOA. Priced to sell with strong investment potential.
100459,559 Example St,San Francisco,2,1,450000,"Beautiful condo with walk-in closet.
    Located close to schools.
    Property is recently upgraded and includes community pool.
    Priced to sell with strong investment potential.",Beautiful condominium with walk-in closet. Located close to schools. Property is recently upgraded and includes community pool. Priced to sell with strong investment potential.
100460,560 Example St,San Francisco,1,1,950000,"Beautiful duplex with stainless steel appliances.
    Located gated community.
    Property is newly remodeled and includes two-car garage.
    Priced to sell with strong investment potential.",Beautiful duplex with stainless steel appliances. Located gated community. Property is newly remodeled and includes two-car garage. Priced to sell with strong investment potential.
100461,561 Example St,San Jose,5,1,450000,"Beautiful townhouse with solar panels.
    Located walking distance to parks.
    Property is fixer upper and includes two-car garage.
    Priced to sell with strong investment potential.",Beautiful townhouse with solar panels. Located walking distance to parks. Property is fixer upper and includes two-car garage. Priced to sell with strong investment potential.
100462,562 Example St,Los Angeles,2,3,950000,"Beautiful condo with solar panels.
    Located near public transportation.
    Property is recently upgraded and includes large lot.
    Priced to sell with strong investment potential.",Beautiful condominium with solar panels. Located near public transportation. Property is recently upgraded and includes large lot. Priced to sell with strong investment potential.
100463,563 Example St,San Francisco,3,4,850000,"Beautiful investment property with solar panels.
    Located near downtown.
    Property is move-in ready and includes two-car garage.
    Priced to sell with strong investment potential.",Beautiful investment property with solar panels. Located near downtown. Property is move-in ready and includes two-car garage. Priced to sell with strong investment potential.
100464,564 Example St,Los Angeles,3,3,550000,"Beautiful investment property with hardwood floors.
    Located walking distance to parks.
    Property is recently upgraded and includes corner lot.
    Priced to sell with strong investment potential.",Beautiful investment property with hardwood floors. Located walking distance to parks. Property is recently upgraded and includes corner lot. Priced to sell with strong investment potential.
100465,565 Example St,Los Angeles,2,1,950000,"Beautiful townhouse with vaulted ceilings.
    Located gated community.
    Property is fully renovated and includes low HOA fees.
    Priced to sell with strong investment potential.",Beautiful townhouse with vaulted ceilings. Located gated community. Property is fully renovated and includes low home owners association fees. Priced to sell with strong investment potential.
100466,566 Example St,San Francisco,1,2,850000,"Beautiful townhouse with solar panels.
    Located gated community.
    Property is needs TLC and includes no HOA.
    Priced to sell with strong investment potential.",Beautiful townhouse with solar panels. Located gated community. Property is needs TLC and includes no HOA. Priced to sell with strong investment potential.
100467,567 Example St,Los Angeles,5,3,850000,"Beautiful condo with walk-in closet.
    Located close to schools.
    Property is fixer upper and includes large lot.
    Priced to sell with strong investment potential.",Beautiful condominium with walk-in closet. Located close to schools. Property is fixer upper and includes large lot. Priced to sell with strong investment potential.
100468,568 Example St,San Jose,4,1,450000,"Beautiful condo with walk-in closet.
    Located gated community.
    Property is fixer upper and includes two-car garage.
    Priced to sell with strong investment potential.",Beautiful condominium with walk-in closet. Located gated community. Property is fixer upper and includes two-car garage. Priced to sell with strong investment potential.
100469,569 Example St,San Francisco,4,3,850000,"Beautiful single family home with granite countertops.
    Located close to schools.
    Property is fully renovated and includes no HOA.
    Priced to sell with strong investment potential.",Beautiful single family home with granite countertops. Located close to schools. Property is fully renovated and includes no HOA. Priced to sell with strong investment potential.
100470,570 Example St,San Diego,5,2,850000,"Beautiful townhouse with walk-in closet.
    Located quiet neighborhood.
    Property is fixer upper and includes large lot.
    Priced to sell with strong investment potential.",Beautiful townhouse with walk-in closet. Located quiet neighborhood. Property is fixer upper and includes large lot. Priced to sell with strong investment potential.
100471,571 Example St,Los Angeles,1,3,350000,"Beautiful condo with smart home system.
    Located quiet neighborhood.
    Property is fixer upper and includes community pool.
    Priced to sell with strong investment potential.",Beautiful condominium with smart home system. Located quiet neighborhood. Property is fixer upper and includes community pool. Priced to sell with strong investment potential.
100472,572 Example St,San Jose,5,1,850000,"Beautiful condo with hardwood floors.
    Located walking distance to parks.
    Property is recently upgraded and includes low HOA fees.
    Priced to sell with strong investment potential.",Beautiful condominium with hardwood floors. Located walking distance to parks. Property is recently upgraded and includes low home owners association fees. Priced to sell with strong investment potential.
100473,573 Example St,Los Angeles,5,4,650000,"Beautiful investment property with granite countertops.
    Located gated community.
    Property is fully renovated and includes no HOA.
    Priced to sell with strong investment potential.",Beautiful investment property with granite countertops. Located gated community. Property is fully renovated and includes no HOA. Priced to sell with strong investment potential.
100474,574 Example St,San Francisco,2,1,450000,"Beautiful townhouse with solar panels.
    Located walking distance to parks.
    Property is fixer upper and includes large lot.
    Priced to sell with strong investment potential.",Beautiful townhouse with solar panels. Located walking distance to parks. Property is fixer upper and includes large lot. Priced to sell with strong investment potential.
100475,575 Example St,San Francisco,3,3,850000,"Beautiful condo with open floor plan.
    Located near downtown.
    Property is recently upgraded and includes no HOA.
    Priced to sell with strong investment potential.",Beautiful condominium with open floor plan. Located near downtown. Property is recently upgraded and includes no HOA. Priced to sell with strong investment potential.
100476,576 Example St,San Diego,1,1,750000,"Beautiful duplex with hardwood floors.
    Located near downtown.
    Property is move-in ready and includes corner lot.
    Priced to sell with strong investment potential.",Beautiful duplex with hardwood floors. Located near downtown. Property is move-in ready and includes corner lot. Priced to sell with strong investment potential.
100477,577 Example St,San Jose,1,3,450000,"Beautiful single family home with stainless steel appliances.
    Located close to schools.
    Property is needs TLC and includes low HOA fees.
    Priced to sell with strong investment potential.",Beautiful single family home with stainless steel appliances. Located close to schools. Property is needs TLC and includes low home owners association fees. Priced to sell with strong investment potential.
100478,578 Example St,San Jose,4,1,350000,"Beautiful townhouse with granite countertops.
    Located near public transportation.
    Property is newly remodeled and includes community pool.
    Priced to sell with strong investment potential.",Beautiful townhouse with granite countertops. Located near public transportation. Property is newly remodeled and includes community pool. Priced to sell with strong investment potential.
100479,579 Example St,San Francisco,1,3,450000,"Beautiful investment property with stainless steel appliances.
    Located gated community.
    Property is needs TLC and includes private backyard.
    Priced to sell with strong investment potential.",Beautiful investment property with stainless steel appliances. Located gated community. Property is needs TLC and includes private backyard. Priced to sell with strong investment potential.
100480,580 Example St,San Francisco,1,3,550000,"Beautiful duplex with stainless steel appliances.
    Located quiet neighborhood.
    Property is fully renovated and includes large lot.
    Priced to sell with strong investment potential.",Beautiful duplex with stainless steel appliances. Located quiet neighborhood. Property is fully renovated and includes large lot. Priced to sell with strong investment potential.
100481,581 Example St,San Francisco,1,4,750000,"Beautiful condo with open floor plan.
    Located walking distance to parks.
    Property is move-in ready and includes large lot.
    Priced to sell with strong investment potential.",Beautiful condominium with open floor plan. Located walking distance to parks. Property is move-in ready and includes large lot. Priced to sell with strong investment potential.
100482,582 Example St,San Francisco,1,4,750000,"Beautiful investment property with hardwood floors.
    Located quiet neighborhood.
    Property is needs TLC and includes two-car garage.
    Priced to sell with strong investment potential.",Beautiful investment property with hardwood floors. Located quiet neighborhood. Property is needs TLC and includes two-car garage. Priced to sell with strong investment potential.
100483,583 Example St,San Diego,1,3,650000,"Beautiful townhouse with hardwood floors.
    Located minutes from shopping.
    Property is move-in ready and includes low HOA fees.
    Priced to sell with strong investment potential.",Beautiful townhouse with hardwood floors. Located minutes from shopping. Property is move-in ready and includes low home owners association fees. Priced to sell with strong investment potential.
100484,584 Example St,San Diego,5,1,950000,"Beautiful single family home with vaulted ceilings.
    Located minutes from shopping.
    Property is fixer upper and includes large lot.
    Priced to sell with strong investment potential.",Beautiful single family home with vaulted ceilings. Located minutes from shopping. Property is fixer upper and includes large lot. Priced to sell with strong investment potential.
100485,585 Example St,San Francisco,2,2,650000,"Beautiful townhouse with walk-in closet.
    Located minutes from shopping.
    Property is recently upgraded and includes large lot.
    Priced to sell with strong investment potential.",Beautiful townhouse with walk-in closet. Located minutes from shopping. Property is recently upgraded and includes large lot. Priced to sell with strong investment potential.
100486,586 Example St,Los Angeles,2,2,750000,"Beautiful condo with granite countertops.
    Located close to schools.
    Property is move-in ready and includes corner lot.
    Priced to sell with strong investment potential.",Beautiful condominium with granite countertops. Located close to schools. Property is move-in ready and includes corner lot. Priced to sell with strong investment potential.
100487,587 Example St,Los Angeles,2,4,450000,"Beautiful townhouse with vaulted ceilings.
    Located gated community.
    Property is fixer upper and includes two-car garage.
    Priced to sell with strong investment potential.",Beautiful townhouse with vaulted ceilings. Located gated community. Property is fixer upper and includes two-car garage. Priced to sell with strong investment potential.
100488,588 Example St,San Diego,1,3,450000,"Beautiful duplex with smart home system.
    Located quiet neighborhood.
    Property is recently upgraded and includes no HOA.
    Priced to sell with strong investment potential.",Beautiful duplex with smart home system. Located quiet neighborhood. Property is recently upgraded and includes no HOA. Priced to sell with strong investment potential.
100489,589 Example St,Los Angeles,2,1,550000,"Beautiful investment property with solar panels.
    Located quiet neighborhood.
    Property is move-in ready and includes corner lot.
    Priced to sell with strong investment potential.",Beautiful investment property with solar panels. Located quiet neighborhood. Property is move-in ready and includes corner lot. Priced to sell with strong investment potential.
100490,590 Example St,San Jose,5,4,750000,"Beautiful investment property with vaulted ceilings.
    Located walking distance to parks.
    Property is fully renovated and includes large lot.
    Priced to sell with strong investment potential.",Beautiful investment property with vaulted ceilings. Located walking distance to parks. Property is fully renovated and includes large lot. Priced to sell with strong investment potential.
100491,591 Example St,San Diego,5,2,350000,"Beautiful duplex with hardwood floors.
    Located close to schools.
    Property is fixer upper and includes no HOA.
    Priced to sell with strong investment potential.",Beautiful duplex with hardwood floors. Located close to schools. Property is fixer upper and includes no HOA. Priced to sell with strong investment potential.
100492,592 Example St,San Diego,1,2,950000,"Beautiful investment property with smart home system.
    Located close to schools.
    Property is fixer upper and includes private backyard.
    Priced to sell with strong investment potential.",Beautiful investment property with smart home system. Located close to schools. Property is fixer upper and includes private backyard. Priced to sell with strong investment potential.
100493,593 Example St,San Diego,5,1,650000,"Beautiful investment property with granite countertops.
    Located near public transportation.
    Property is recently upgraded and includes corner lot.
    Priced to sell with strong investment potential.",Beautiful investment property with granite countertops. Located near public transportation. Property is recently upgraded and includes corner lot. Priced to sell with strong investment potential.
100494,594 Example St,San Jose,2,3,550000,"Beautiful townhouse with hardwood floors.
    Located close to schools.
    Property is needs TLC and includes large lot.
    Priced to sell with strong investment potential.",Beautiful townhouse with hardwood floors. Located close to schools. Property is needs TLC and includes large lot. Priced to sell with strong investment potential.
100495,595 Example St,San Francisco,1,4,950000,"Beautiful duplex with open floor plan.
    Located minutes from shopping.
    Property is fixer upper and includes community pool.
    Priced to sell with strong investment potential.",Beautiful duplex with open floor plan. Located minutes from shopping. Property is fixer upper and includes community pool. Priced to sell with strong investment potential.
100496,596 Example St,San Jose,5,4,550000,"Beautiful duplex with walk-in closet.
    Located close to schools.
    Property is move-in ready and includes corner lot.
    Priced to sell with strong investment potential.",Beautiful duplex with walk-in closet. Located close to schools. Property is move-in ready and includes corner lot. Priced to sell with strong investment potential.
100497,597 Example St,San Diego,2,1,750000,"Beautiful condo with walk-in closet.
    Located near downtown.
    Property is fully renovated and includes two-car garage.
    Priced to sell with strong investment potential.",Beautiful condominium with walk-in closet. Located near downtown. Property is fully renovated and includes two-car garage. Priced to sell with strong investment potential.
100498,598 Example St,San Francisco,2,4,650000,"Beautiful single family home with open floor plan.
    Located quiet neighborhood.
    Property is fixer upper and includes no HOA.
    Priced to sell with strong investment potential.",Beautiful single family home with open floor plan. Located quiet neighborhood. Property is fixer upper and includes no HOA. Priced to sell with strong investment potential.
100499,599 Example St,San Jose,5,4,350000,"Beautiful investment property with granite countertops.
    Located quiet neighborhood.
    Property is fully renovated and includes no HOA.
    Priced to sell with strong investment potential.",Beautiful investment property with granite countertops. Located quiet neighborhood. Property is fully renovated and includes no HOA. Priced to sell with strong investment potential.
100500,600 Example St,Los Angeles,3,1,550000,"Beautiful duplex with vaulted ceilings.
    Located minutes from shopping.
    Property is move-in ready and includes no HOA.
    Priced to sell with strong investment potential.",Beautiful duplex with vaulted ceilings. Located minutes from shopping. Property is move-in ready and includes no HOA. Priced to sell with strong investment potential.
100501,601 Example St,San Francisco,5,4,850000,"Beautiful condo with solar panels.
    Located gated community.
    Property is fixer upper and includes large lot.
    Priced to sell with strong investment potential.",Beautiful condominium with solar panels. Located gated community. Property is fixer upper and includes large lot. Priced to sell with strong investment potential.
100502,602 Example St,San Diego,5,2,650000,"Beautiful condo with smart home system.
    Located minutes from shopping.
    Property is needs TLC and includes no HOA.
    Priced to sell with strong investment potential.",Beautiful condominium with smart home system. Located minutes from shopping. Property is needs TLC and includes no HOA. Priced to sell with strong investment potential.
100503,603 Example St,San Diego,2,4,950000,"Beautiful investment property with granite countertops.
    Located walking distance to parks.
    Property is fully renovated and includes private backyard.
    Priced to sell with strong investment potential.",Beautiful investment property with granite countertops. Located walking distance to parks. Property is fully renovated and includes private backyard. Priced to sell with strong investment potential.
100504,604 Example St,San Jose,1,1,450000,"Beautiful townhouse with stainless steel appliances.
    Located near downtown.
    Property is recently upgraded and includes community pool.
    Priced to sell with strong investment potential.",Beautiful townhouse with stainless steel appliances. Located near downtown. Property is recently upgraded and includes community pool. Priced to sell with strong investment potential.
100505,605 Example St,Los Angeles,4,4,350000,"Beautiful duplex with granite countertops.
    Located near downtown.
    Property is needs TLC and includes large lot.
    Priced to sell with strong investment potential.",Beautiful duplex with granite countertops. Located near downtown. Property is needs TLC and includes large lot. Priced to sell with strong investment potential.
100506,606 Example St,Los Angeles,3,4,450000,"Beautiful duplex with smart home system.
    Located near downtown.
    Property is fixer upper and includes two-car garage.
    Priced to sell with strong investment potential.",Beautiful duplex with smart home system. Located near downtown. Property is fixer upper and includes two-car garage. Priced to sell with strong investment potential.
100507,607 Example St,San Diego,2,3,650000,"Beautiful duplex with vaulted ceilings.
    Located walking distance to parks.
    Property is move-in ready and includes corner lot.
    Priced to sell with strong investment potential.",Beautiful duplex with vaulted ceilings. Located walking distance to parks. Property is move-in ready and includes corner lot. Priced to sell with strong investment potential.
100508,608 Example St,San Francisco,3,1,750000,"Beautiful single family home with solar panels.
    Located near downtown.
    Property is needs TLC and includes low HOA fees.
    Priced to sell with strong investment potential.",Beautiful single family home with solar panels. Located near downtown. Property is needs TLC and includes low home owners association fees. Priced to sell with strong investment potential.
100509,609 Example St,Los Angeles,1,2,650000,"Beautiful single family home with vaulted ceilings.
    Located close to schools.
    Property is fully renovated and includes two-car garage.
    Priced to sell with strong investment potential.",Beautiful single family home with vaulted ceilings. Located close to schools. Property is fully renovated and includes two-car garage. Priced to sell with strong investment potential.
100510,610 Example St,Los Angeles,1,1,950000,"Beautiful duplex with granite countertops.
    Located gated community.
    Property is newly remodeled and includes corner lot.
    Priced to sell with strong investment potential.",Beautiful duplex with granite countertops. Located gated community. Property is newly remodeled and includes corner lot. Priced to sell with strong investment potential.
100511,611 Example St,Los Angeles,2,4,850000,"Beautiful single family home with walk-in closet.
    Located close to schools.
    Property is fixer upper and includes corner lot.
    Priced to sell with strong investment potential.",Beautiful single family home with walk-in closet. Located close to schools. Property is fixer upper and includes corner lot. Priced to sell with strong investment potential.
100512,612 Example St,San Diego,2,2,550000,"Beautiful condo with open floor plan.
    Located near public transportation.
    Property is recently upgraded and includes low HOA fees.
    Priced to sell with strong investment potential.",Beautiful condominium with open floor plan. Located near public transportation. Property is recently upgraded and includes low home owners association fees. Priced to sell with strong investment potential.
100513,613 Example St,San Diego,4,3,650000,"Beautiful duplex with hardwood floors.
    Located near downtown.
    Property is fully renovated and includes community pool.
    Priced to sell with strong investment potential.",Beautiful duplex with hardwood floors. Located near downtown. Property is fully renovated and includes community pool. Priced to sell with strong investment potential.
100514,614 Example St,San Jose,3,4,450000,"Beautiful townhouse with granite countertops.
    Located gated community.
    Property is needs TLC and includes low HOA fees.
    Priced to sell with strong investment potential.",Beautiful townhouse with granite countertops. Located gated community. Property is needs TLC and includes low home owners association fees. Priced to sell with strong investment potential.
100515,615 Example St,Los Angeles,1,1,850000,"Beautiful townhouse with stainless steel appliances.
    Located near public transportation.
    Property is fixer upper and includes community pool.
    Priced to sell with strong investment potential.",Beautiful townhouse with stainless steel appliances. Located near public transportation. Property is fixer upper and includes community pool. Priced to sell with strong investment potential.
100516,616 Example St,San Francisco,2,2,350000,"Beautiful townhouse with walk-in closet.
    Located minutes from shopping.
    Property is move-in ready and includes large lot.
    Priced to sell with strong investment potential.",Beautiful townhouse with walk-in closet. Located minutes from shopping. Property is move-in ready and includes large lot. Priced to sell with strong investment potential.
100517,617 Example St,San Francisco,3,1,750000,"Beautiful investment property with granite countertops.
    Located minutes from shopping.
    Property is recently upgraded and includes large lot.
    Priced to sell with strong investment potential.",Beautiful investment property with granite countertops. Located minutes from shopping. Property is recently upgraded and includes large lot. Priced to sell with strong investment potential.
100518,618 Example St,San Jose,3,1,550000,"Beautiful investment property with solar panels.
    Located gated community.
    Property is needs TLC and includes corner lot.
    Priced to sell with strong investment potential.",Beautiful investment property with solar panels. Located gated community. Property is needs TLC and includes corner lot. Priced to sell with strong investment potential.
100519,619 Example St,Los Angeles,3,3,550000,"Beautiful duplex with vaulted ceilings.
    Located quiet neighborhood.
    Property is move-in ready and includes private backyard.
    Priced to sell with strong investment potential.",Beautiful duplex with vaulted ceilings. Located quiet neighborhood. Property is move-in ready and includes private backyard. Priced to sell with strong investment potential.
100520,620 Example St,Los Angeles,4,4,650000,"Beautiful single family home with hardwood floors.
    Located quiet neighborhood.
    Property is newly remodeled and includes corner lot.
    Priced to sell with strong investment potential.",Beautiful single family home with hardwood floors. Located quiet neighborhood. Property is newly remodeled and includes corner lot. Priced to sell with strong investment potential.
100521,621 Example St,Los Angeles,4,4,550000,"Beautiful single family home with granite countertops.
    Located walking distance to parks.
    Property is move-in ready and includes low HOA fees.
    Priced to sell with strong investment potential.",Beautiful single family home with granite countertops. Located walking distance to parks. Property is move-in ready and includes low home owners association fees. Priced to sell with strong investment potential.
100522,622 Example St,Los Angeles,3,4,750000,"Beautiful duplex with vaulted ceilings.
    Located minutes from shopping.
    Property is fully renovated and includes private backyard.
    Priced to sell with strong investment potential.",Beautiful duplex with vaulted ceilings. Located minutes from shopping. Property is fully renovated and includes private backyard. Priced to sell with strong investment potential.
100523,623 Example St,Los Angeles,2,4,450000,"Beautiful townhouse with vaulted ceilings.
    Located quiet neighborhood.
    Property is needs TLC and includes large lot.
    Priced to sell with strong investment potential.",Beautiful townhouse with vaulted ceilings. Located quiet neighborhood. Property is needs TLC and includes large lot. Priced to sell with strong investment potential.
100524,624 Example St,San Jose,2,3,750000,"Beautiful single family home with granite countertops.
    Located near downtown.
    Property is fixer upper and includes no HOA.
    Priced to sell with strong investment potential.",Beautiful single family home with granite countertops. Located near downtown. Property is fixer upper and includes no HOA. Priced to sell with strong investment potential.
100525,625 Example St,San Jose,5,3,850000,"Beautiful condo with granite countertops.
    Located gated community.
    Property is recently upgraded and includes low HOA fees.
    Priced to sell with strong investment potential.",Beautiful condominium with granite countertops. Located gated community. Property is recently upgraded and includes low home owners association fees. Priced to sell with strong investment potential.
100526,626 Example St,San Diego,2,3,450000,"Beautiful single family home with open floor plan.
    Located gated community.
    Property is fully renovated and includes private backyard.
    Priced to sell with strong investment potential.",Beautiful single family home with open floor plan. Located gated community. Property is fully renovated and includes private backyard. Priced to sell with strong investment potential.
100527,627 Example St,San Francisco,2,4,350000,"Beautiful townhouse with hardwood floors.
    Located close to schools.
    Property is fully renovated and includes private backyard.
    Priced to sell with strong investment potential.",Beautiful townhouse with hardwood floors. Located close to schools. Property is fully renovated and includes private backyard. Priced to sell with strong investment potential.
100528,628 Example St,San Diego,1,4,950000,"Beautiful investment property with granite countertops.
    Located quiet neighborhood.
    Property is fixer upper and includes low HOA fees.
    Priced to sell with strong investment potential.",Beautiful investment property with granite countertops. Located quiet neighborhood. Property is fixer upper and includes low home owners association fees. Priced to sell with strong investment potential.
100529,629 Example St,San Francisco,1,2,950000,"Beautiful investment property with stainless steel appliances.
    Located minutes from shopping.
    Property is fixer upper and includes community pool.
    Priced to sell with strong investment potential.",Beautiful investment property with stainless steel appliances. Located minutes from shopping. Property is fixer upper and includes community pool. Priced to sell with strong investment potential.
100530,630 Example St,San Francisco,3,1,850000,"Beautiful condo with vaulted ceilings.
    Located gated community.
    Property is needs TLC and includes community pool.
    Priced to sell with strong investment potential.",Beautiful condominium with vaulted ceilings. Located gated community. Property is needs TLC and includes community pool. Priced to sell with strong investment potential.
100531,631 Example St,San Diego,1,2,650000,"Beautiful single family home with granite countertops.
    Located near public transportation.
    Property is fully renovated and includes community pool.
    Priced to sell with strong investment potential.",Beautiful single family home with granite countertops. Located near public transportation. Property is fully renovated and includes community pool. Priced to sell with strong investment potential.
100532,632 Example St,Los Angeles,2,2,550000,"Beautiful condo with walk-in closet.
    Located minutes from shopping.
    Property is fixer upper and includes low HOA fees.
    Priced to sell with strong investment potential.",Beautiful condominium with walk-in closet. Located minutes from shopping. Property is fixer upper and includes low home owners association fees. Priced to sell with strong investment potential.
100533,633 Example St,San Diego,3,3,550000,"Beautiful townhouse with smart home system.
    Located gated community.
    Property is needs TLC and includes corner lot.
    Priced to sell with strong investment potential.",Beautiful townhouse with smart home system. Located gated community. Property is needs TLC and includes corner lot. Priced to sell with strong investment potential.
100534,634 Example St,San Francisco,1,4,450000,"Beautiful investment property with stainless steel appliances.
    Located minutes from shopping.
    Property is move-in ready and includes corner lot.
    Priced to sell with strong investment potential.",Beautiful investment property with stainless steel appliances. Located minutes from shopping. Property is move-in ready and includes corner lot. Priced to sell with strong investment potential.
100535,635 Example St,San Diego,1,1,350000,"Beautiful townhouse with solar panels.
    Located close to schools.
    Property is fully renovated and includes private backyard.
    Priced to sell with strong investment potential.",Beautiful townhouse with solar panels. Located close to schools. Property is fully renovated and includes private backyard. Priced to sell with strong investment potential.
100536,636 Example St,Los Angeles,2,4,750000,"Beautiful condo with walk-in closet.
    Located near downtown.
    Property is fixer upper and includes community pool.
    Priced to sell with strong investment potential.",Beautiful condominium with walk-in closet. Located near downtown. Property is fixer upper and includes community pool. Priced to sell with strong investment potential.
100537,637 Example St,San Francisco,5,2,850000,"Beautiful townhouse with open floor plan.
    Located close to schools.
    Property is fixer upper and includes no HOA.
    Priced to sell with strong investment potential.",Beautiful townhouse with open floor plan. Located close to schools. Property is fixer upper and includes no HOA. Priced to sell with strong investment potential.
100538,638 Example St,Los Angeles,2,3,850000,"Beautiful investment property with walk-in closet.
    Located close to schools.
    Property is move-in ready and includes two-car garage.
    Priced to sell with strong investment potential.",Beautiful investment property with walk-in closet. Located close to schools. Property is move-in ready and includes two-car garage. Priced to sell with strong investment potential.
100539,639 Example St,San Jose,3,1,450000,"Beautiful condo with granite countertops.
    Located walking distance to parks.
    Property is needs TLC and includes large lot.
    Priced to sell with strong investment potential.",Beautiful condominium with granite countertops. Located walking distance to parks. Property is needs TLC and includes large lot. Priced to sell with strong investment potential.
100540,640 Example St,Los Angeles,4,3,750000,"Beautiful single family home with smart home system.
    Located near downtown.
    Property is needs TLC and includes corner lot.
    Priced to sell with strong investment potential.",Beautiful single family home with smart home system. Located near downtown. Property is needs TLC and includes corner lot. Priced to sell with strong investment potential.
100541,641 Example St,San Jose,4,4,650000,"Beautiful single family home with granite countertops.
    Located close to schools.
    Property is fully renovated and includes private backyard.
    Priced to sell with strong investment potential.",Beautiful single family home with granite countertops. Located close to schools. Property is fully renovated and includes private backyard. Priced to sell with strong investment potential.
100542,642 Example St,San Jose,3,3,750000,"Beautiful investment property with hardwood floors.
    Located gated community.
    Property is fixer upper and includes corner lot.
    Priced to sell with strong investment potential.",Beautiful investment property with hardwood floors. Located gated community. Property is fixer upper and includes corner lot. Priced to sell with strong investment potential.
100543,643 Example St,San Jose,2,1,750000,"Beautiful duplex with hardwood floors.
    Located close to schools.
    Property is fixer upper and includes private backyard.
    Priced to sell with strong investment potential.",Beautiful duplex with hardwood floors. Located close to schools. Property is fixer upper and includes private backyard. Priced to sell with strong investment potential.
100544,644 Example St,San Jose,4,1,850000,"Beautiful townhouse with solar panels.
    Located quiet neighborhood.
    Property is fixer upper and includes low HOA fees.
    Priced to sell with strong investment potential.",Beautiful townhouse with solar panels. Located quiet neighborhood. Property is fixer upper and includes low home owners association fees. Priced to sell with strong investment potential.
100545,645 Example St,San Diego,2,3,450000,"Beautiful townhouse with stainless steel appliances.
    Located close to schools.
    Property is needs TLC and includes two-car garage.
    Priced to sell with strong investment potential.",Beautiful townhouse with stainless steel appliances. Located close to schools. Property is needs TLC and includes two-car garage. Priced to sell with strong investment potential.
100546,646 Example St,Los Angeles,1,3,550000,"Beautiful duplex with smart home system.
    Located gated community.
    Property is newly remodeled and includes corner lot.
    Priced to sell with strong investment potential.",Beautiful duplex with smart home system. Located gated community. Property is newly remodeled and includes corner lot. Priced to sell with strong investment potential.
100547,647 Example St,Los Angeles,2,3,650000,"Beautiful townhouse with hardwood floors.
    Located near downtown.
    Property is fixer upper and includes large lot.
    Priced to sell with strong investment potential.",Beautiful townhouse with hardwood floors. Located near downtown. Property is fixer upper and includes large lot. Priced to sell with strong investment potential.
100548,648 Example St,San Diego,5,3,950000,"Beautiful single family home with granite countertops.
    Located near public transportation.
    Property is fully renovated and includes corner lot.
    Priced to sell with strong investment potential.",Beautiful single family home with granite countertops. Located near public transportation. Property is fully renovated and includes corner lot. Priced to sell with strong investment potential.
100549,649 Example St,Los Angeles,4,3,650000,"Beautiful condo with granite countertops.
    Located near downtown.
    Property is fixer upper and includes corner lot.
    Priced to sell with strong investment potential.",Beautiful condominium with granite countertops. Located near downtown. Property is fixer upper and includes corner lot. Priced to sell with strong investment potential.
100550,650 Example St,San Diego,3,2,850000,"Beautiful townhouse with granite countertops.
    Located near downtown.
    Property is newly remodeled and includes large lot.
    Priced to sell with strong investment potential.",Beautiful townhouse with granite countertops. Located near downtown. Property is newly remodeled and includes large lot. Priced to sell with strong investment potential.
100551,651 Example St,San Diego,1,3,750000,"Beautiful townhouse with smart home system.
    Located walking distance to parks.
    Property is newly remodeled and includes no HOA.
    Priced to sell with strong investment potential.",Beautiful townhouse with smart home system. Located walking distance to parks. Property is newly remodeled and includes no HOA. Priced to sell with strong investment potential.
100552,652 Example St,San Diego,1,1,450000,"Beautiful townhouse with solar panels.
    Located gated community.
    Property is recently upgraded and includes low HOA fees.
    Priced to sell with strong investment potential.",Beautiful townhouse with solar panels. Located gated community. Property is recently upgraded and includes low home owners association fees. Priced to sell with strong investment potential.
100553,653 Example St,San Jose,1,1,850000,"Beautiful townhouse with walk-in closet.
    Located near public transportation.
    Property is recently upgraded and includes low HOA fees.
    Priced to sell with strong investment potential.",Beautiful townhouse with walk-in closet. Located near public transportation. Property is recently upgraded and includes low home owners association fees. Priced to sell with strong investment potential.
100554,654 Example St,San Diego,5,2,750000,"Beautiful condo with vaulted ceilings.
    Located quiet neighborhood.
    Property is newly remodeled and includes low HOA fees.
    Priced to sell with strong investment potential.",Beautiful condominium with vaulted ceilings. Located quiet neighborhood. Property is newly remodeled and includes low home owners association fees. Priced to sell with strong investment potential.
100555,655 Example St,San Jose,4,2,650000,"Beautiful condo with granite countertops.
    Located gated community.
    Property is fully renovated and includes low HOA fees.
    Priced to sell with strong investment potential.",Beautiful condominium with granite countertops. Located gated community. Property is fully renovated and includes low home owners association fees. Priced to sell with strong investment potential.
100556,656 Example St,San Francisco,5,3,350000,"Beautiful condo with solar panels.
    Located quiet neighborhood.
    Property is newly remodeled and includes two-car garage.
    Priced to sell with strong investment potential.",Beautiful condominium with solar panels. Located quiet neighborhood. Property is newly remodeled and includes two-car garage. Priced to sell with strong investment potential.
100557,657 Example St,San Jose,1,3,450000,"Beautiful investment property with open floor plan.
    Located walking distance to parks.
    Property is needs TLC and includes low HOA fees.
    Priced to sell with strong investment potential.",Beautiful investment property with open floor plan. Located walking distance to parks. Property is needs TLC and includes low home owners association fees. Priced to sell with strong investment potential.
100558,658 Example St,San Jose,2,2,350000,"Beautiful investment property with open floor plan.
    Located near public transportation.
    Property is newly remodeled and includes low HOA fees.
    Priced to sell with strong investment potential.",Beautiful investment property with open floor plan. Located near public transportation. Property is newly remodeled and includes low home owners association fees. Priced to sell with strong investment potential.
100559,659 Example St,Los Angeles,4,1,650000,"Beautiful single family home with solar panels.
    Located close to schools.
    Property is needs TLC and includes large lot.
    Priced to sell with strong investment potential.",Beautiful single family home with solar panels. Located close to schools. Property is needs TLC and includes large lot. Priced to sell with strong investment potential.
100560,660 Example St,Los Angeles,3,4,950000,"Beautiful duplex with granite countertops.
    Located near downtown.
    Property is move-in ready and includes two-car garage.
    Priced to sell with strong investment potential.",Beautiful duplex with granite countertops. Located near downtown. Property is move-in ready and includes two-car garage. Priced to sell with strong investment potential.
100561,661 Example St,San Diego,4,4,350000,"Beautiful townhouse with walk-in closet.
    Located walking distance to parks.
    Property is move-in ready and includes community pool.
    Priced to sell with strong investment potential.",Beautiful townhouse with walk-in closet. Located walking distance to parks. Property is move-in ready and includes community pool. Priced to sell with strong investment potential.
100562,662 Example St,Los Angeles,3,1,450000,"Beautiful investment property with granite countertops.
    Located close to schools.
    Property is fixer upper and includes two-car garage.
    Priced to sell with strong investment potential.",Beautiful investment property with granite countertops. Located close to schools. Property is fixer upper and includes two-car garage. Priced to sell with strong investment potential.
100563,663 Example St,San Francisco,1,2,450000,"Beautiful duplex with open floor plan.
    Located walking distance to parks.
    Property is fully renovated and includes corner lot.
    Priced to sell with strong investment potential.",Beautiful duplex with open floor plan. Located walking distance to parks. Property is fully renovated and includes corner lot. Priced to sell with strong investment potential.
100564,664 Example St,San Diego,5,3,750000,"Beautiful duplex with granite countertops.
    Located near public transportation.
    Property is fully renovated and includes low HOA fees.
    Priced to sell with strong investment potential.",Beautiful duplex with granite countertops. Located near public transportation. Property is fully renovated and includes low home owners association fees. Priced to sell with strong investment potential.
100565,665 Example St,San Jose,1,4,650000,"Beautiful condo with solar panels.
    Located walking distance to parks.
    Property is recently upgraded and includes community pool.
    Priced to sell with strong investment potential.",Beautiful condominium with solar panels. Located walking distance to parks. Property is recently upgraded and includes community pool. Priced to sell with strong investment potential.
100566,666 Example St,San Jose,5,2,350000,"Beautiful townhouse with open floor plan.
    Located minutes from shopping.
    Property is needs TLC and includes private backyard.
    Priced to sell with strong investment potential.",Beautiful townhouse with open floor plan. Located minutes from shopping. Property is needs TLC and includes private backyard. Priced to sell with strong investment potential.
100567,667 Example St,San Diego,4,1,650000,"Beautiful townhouse with granite countertops.
    Located minutes from shopping.
    Property is newly remodeled and includes corner lot.
    Priced to sell with strong investment potential.",Beautiful townhouse with granite countertops. Located minutes from shopping. Property is newly remodeled and includes corner lot. Priced to sell with strong investment potential.
100568,668 Example St,Los Angeles,4,3,550000,"Beautiful duplex with vaulted ceilings.
    Located quiet neighborhood.
    Property is fixer upper and includes large lot.
    Priced to sell with strong investment potential.",Beautiful duplex with vaulted ceilings. Located quiet neighborhood. Property is fixer upper and includes large lot. Priced to sell with strong investment potential.
100569,669 Example St,San Francisco,5,3,850000,"Beautiful condo with open floor plan.
    Located quiet neighborhood.
    Property is newly remodeled and includes no HOA.
    Priced to sell with strong investment potential.",Beautiful condominium with open floor plan. Located quiet neighborhood. Property is newly remodeled and includes no HOA. Priced to sell with strong investment potential.
100570,670 Example St,San Diego,2,4,450000,"Beautiful investment property with stainless steel appliances.
    Located gated community.
    Property is recently upgraded and includes corner lot.
    Priced to sell with strong investment potential.",Beautiful investment property with stainless steel appliances. Located gated community. Property is recently upgraded and includes corner lot. Priced to sell with strong investment potential.
100571,671 Example St,San Jose,5,2,550000,"Beautiful single family home with hardwood floors.
    Located near public transportation.
    Property is recently upgraded and includes large lot.
    Priced to sell with strong investment potential.",Beautiful single family home with hardwood floors. Located near public transportation. Property is recently upgraded and includes large lot. Priced to sell with strong investment potential.
100572,672 Example St,Los Angeles,1,4,750000,"Beautiful townhouse with vaulted ceilings.
    Located minutes from shopping.
    Property is recently upgraded and includes low HOA fees.
    Priced to sell with strong investment potential.",Beautiful townhouse with vaulted ceilings. Located minutes from shopping. Property is recently upgraded and includes low home owners association fees. Priced to sell with strong investment potential.
100573,673 Example St,San Francisco,5,3,950000,"Beautiful investment property with solar panels.
    Located near downtown.
    Property is newly remodeled and includes large lot.
    Priced to sell with strong investment potential.",Beautiful investment property with solar panels. Located near downtown. Property is newly remodeled and includes large lot. Priced to sell with strong investment potential.
100574,674 Example St,Los Angeles,3,1,950000,"Beautiful investment property with walk-in closet.
    Located walking distance to parks.
    Property is recently upgraded and includes community pool.
    Priced to sell with strong investment potential.",Beautiful investment property with walk-in closet. Located walking distance to parks. Property is recently upgraded and includes community pool. Priced to sell with strong investment potential.
100575,675 Example St,San Francisco,1,3,950000,"Beautiful duplex with stainless steel appliances.
    Located minutes from shopping.
    Property is needs TLC and includes two-car garage.
    Priced to sell with strong investment potential.",Beautiful duplex with stainless steel appliances. Located minutes from shopping. Property is needs TLC and includes two-car garage. Priced to sell with strong investment potential.
100576,676 Example St,Los Angeles,2,1,950000,"Beautiful duplex with vaulted ceilings.
    Located near public transportation.
    Property is needs TLC and includes large lot.
    Priced to sell with strong investment potential.",Beautiful duplex with vaulted ceilings. Located near public transportation. Property is needs TLC and includes large lot. Priced to sell with strong investment potential.
100577,677 Example St,San Jose,2,1,350000,"Beautiful condo with granite countertops.
    Located minutes from shopping.
    Property is fully renovated and includes no HOA.
    Priced to sell with strong investment potential.",Beautiful condominium with granite countertops. Located minutes from shopping. Property is fully renovated and includes no HOA. Priced to sell with strong investment potential.
100578,678 Example St,Los Angeles,5,3,950000,"Beautiful duplex with hardwood floors.
    Located close to schools.
    Property is needs TLC and includes corner lot.
    Priced to sell with strong investment potential.",Beautiful duplex with hardwood floors. Located close to schools. Property is needs TLC and includes corner lot. Priced to sell with strong investment potential.
100579,679 Example St,San Jose,4,1,550000,"Beautiful single family home with granite countertops.
    Located minutes from shopping.
    Property is move-in ready and includes two-car garage.
    Priced to sell with strong investment potential.",Beautiful single family home with granite countertops. Located minutes from shopping. Property is move-in ready and includes two-car garage. Priced to sell with strong investment potential.
100580,680 Example St,San Francisco,2,1,550000,"Beautiful investment property with granite countertops.
    Located minutes from shopping.
    Property is move-in ready and includes large lot.
    Priced to sell with strong investment potential.",Beautiful investment property with granite countertops. Located minutes from shopping. Property is move-in ready and includes large lot. Priced to sell with strong investment potential.
100581,681 Example St,San Diego,1,4,350000,"Beautiful townhouse with vaulted ceilings.
    Located near downtown.
    Property is needs TLC and includes corner lot.
    Priced to sell with strong investment potential.",Beautiful townhouse with vaulted ceilings. Located near downtown. Property is needs TLC and includes corner lot. Priced to sell with strong investment potential.
100582,682 Example St,San Jose,5,2,850000,"Beautiful single family home with vaulted ceilings.
    Located minutes from shopping.
    Property is newly remodeled and includes community pool.
    Priced to sell with strong investment potential.",Beautiful single family home with vaulted ceilings. Located minutes from shopping. Property is newly remodeled and includes community pool. Priced to sell with strong investment potential.
100583,683 Example St,Los Angeles,1,2,450000,"Beautiful condo with solar panels.
    Located near public transportation.
    Property is fully renovated and includes community pool.
    Priced to sell with strong investment potential.",Beautiful condominium with solar panels. Located near public transportation. Property is fully renovated and includes community pool. Priced to sell with strong investment potential.
100584,684 Example St,San Jose,4,2,450000,"Beautiful duplex with stainless steel appliances.
    Located gated community.
    Property is newly remodeled and includes no HOA.
    Priced to sell with strong investment potential.",Beautiful duplex with stainless steel appliances. Located gated community. Property is newly remodeled and includes no HOA. Priced to sell with strong investment potential.
100585,685 Example St,Los Angeles,1,2,450000,"Beautiful townhouse with walk-in closet.
    Located near public transportation.
    Property is fixer upper and includes two-car garage.
    Priced to sell with strong investment potential.",Beautiful townhouse with walk-in closet. Located near public transportation. Property is fixer upper and includes two-car garage. Priced to sell with strong investment potential.
100586,686 Example St,San Francisco,2,3,650000,"Beautiful condo with walk-in closet.
    Located minutes from shopping.
    Property is needs TLC and includes community pool.
    Priced to sell with strong investment potential.",Beautiful condominium with walk-in closet. Located minutes from shopping. Property is needs TLC and includes community pool. Priced to sell with strong investment potential.
100587,687 Example St,Los Angeles,4,3,950000,"Beautiful duplex with hardwood floors.
    Located quiet neighborhood.
    Property is needs TLC and includes corner lot.
    Priced to sell with strong investment potential.",Beautiful duplex with hardwood floors. Located quiet neighborhood. Property is needs TLC and includes corner lot. Priced to sell with strong investment potential.
100588,688 Example St,San Jose,5,3,450000,"Beautiful investment property with walk-in closet.
    Located near public transportation.
    Property is recently upgraded and includes no HOA.
    Priced to sell with strong investment potential.",Beautiful investment property with walk-in closet. Located near public transportation. Property is recently upgraded and includes no HOA. Priced to sell with strong investment potential.
100589,689 Example St,San Jose,5,4,750000,"Beautiful single family home with hardwood floors.
    Located near public transportation.
    Property is fixer upper and includes community pool.
    Priced to sell with strong investment potential.",Beautiful single family home with hardwood floors. Located near public transportation. Property is fixer upper and includes community pool. Priced to sell with strong investment potential.
100590,690 Example St,San Jose,4,4,850000,"Beautiful single family home with granite countertops.
    Located quiet neighborhood.
    Property is needs TLC and includes private backyard.
    Priced to sell with strong investment potential.",Beautiful single family home with granite countertops. Located quiet neighborhood. Property is needs TLC and includes private backyard. Priced to sell with strong investment potential.
100591,691 Example St,Los Angeles,4,2,750000,"Beautiful investment property with hardwood floors.
    Located walking distance to parks.
    Property is needs TLC and includes no HOA.
    Priced to sell with strong investment potential.",Beautiful investment property with hardwood floors. Located walking distance to parks. Property is needs TLC and includes no HOA. Priced to sell with strong investment potential.
100592,692 Example St,Los Angeles,2,3,750000,"Beautiful investment property with vaulted ceilings.
    Located walking distance to parks.
    Property is newly remodeled and includes corner lot.
    Priced to sell with strong investment potential.",Beautiful investment property with vaulted ceilings. Located walking distance to parks. Property is newly remodeled and includes corner lot. Priced to sell with strong investment potential.
100593,693 Example St,San Diego,1,4,750000,"Beautiful single family home with hardwood floors.
    Located near downtown.
    Property is recently upgraded and includes two-car garage.
    Priced to sell with strong investment potential.",Beautiful single family home with hardwood floors. Located near downtown. Property is recently upgraded and includes two-car garage. Priced to sell with strong investment potential.
100594,694 Example St,San Diego,1,1,950000,"Beautiful investment property with open floor plan.
    Located quiet neighborhood.
    Property is newly remodeled and includes corner lot.
    Priced to sell with strong investment potential.",Beautiful investment property with open floor plan. Located quiet neighborhood. Property is newly remodeled and includes corner lot. Priced to sell with strong investment potential.
100595,695 Example St,Los Angeles,1,3,650000,"Beautiful townhouse with smart home system.
    Located gated community.
    Property is move-in ready and includes two-car garage.
    Priced to sell with strong investment potential.",Beautiful townhouse with smart home system. Located gated community. Property is move-in ready and includes two-car garage. Priced to sell with strong investment potential.
100596,696 Example St,San Jose,2,1,550000,"Beautiful townhouse with smart home system.
    Located near downtown.
    Property is move-in ready and includes corner lot.
    Priced to sell with strong investment potential.",Beautiful townhouse with smart home system. Located near downtown. Property is move-in ready and includes corner lot. Priced to sell with strong investment potential.
100597,697 Example St,San Francisco,3,2,350000,"Beautiful duplex with open floor plan.
    Located close to schools.
    Property is fully renovated and includes low HOA fees.
    Priced to sell with strong investment potential.",Beautiful duplex with open floor plan. Located close to schools. Property is fully renovated and includes low home owners association fees. Priced to sell with strong investment potential.
100598,698 Example St,San Jose,2,1,450000,"Beautiful townhouse with hardwood floors.
    Located close to schools.
    Property is newly remodeled and includes large lot.
    Priced to sell with strong investment potential.",Beautiful townhouse with hardwood floors. Located close to schools. Property is newly remodeled and includes large lot. Priced to sell with strong investment potential.
100599,699 Example St,Los Angeles,1,1,850000,"Beautiful single family home with vaulted ceilings.
    Located walking distance to parks.
    Property is fixer upper and includes low HOA fees.
    Priced to sell with strong investment potential.",Beautiful single family home with vaulted ceilings. Located walking distance to parks. Property is fixer upper and includes low home owners association fees. Priced to sell with strong investment potential.
100600,700 Example St,Los Angeles,1,1,550000,"Beautiful townhouse with vaulted ceilings.
    Located walking distance to parks.
    Property is fixer upper and includes no HOA.
    Priced to sell with strong investment potential.",Beautiful townhouse with vaulted ceilings. Located walking distance to parks. Property is fixer upper and includes no HOA. Priced to sell with strong investment potential.
100601,701 Example St,San Diego,3,3,350000,"Beautiful duplex with vaulted ceilings.
    Located minutes from shopping.
    Property is recently upgraded and includes no HOA.
    Priced to sell with strong investment potential.",Beautiful duplex with vaulted ceilings. Located minutes from shopping. Property is recently upgraded and includes no HOA. Priced to sell with strong investment potential.
100602,702 Example St,San Jose,1,3,650000,"Beautiful condo with open floor plan.
    Located minutes from shopping.
    Property is newly remodeled and includes private backyard.
    Priced to sell with strong investment potential.",Beautiful condominium with open floor plan. Located minutes from shopping. Property is newly remodeled and includes private backyard. Priced to sell with strong investment potential.
100603,703 Example St,San Diego,2,4,750000,"Beautiful single family home with hardwood floors.
    Located minutes from shopping.
    Property is recently upgraded and includes large lot.
    Priced to sell with strong investment potential.",Beautiful single family home with hardwood floors. Located minutes from shopping. Property is recently upgraded and includes large lot. Priced to sell with strong investment potential.
100604,704 Example St,Los Angeles,2,1,450000,"Beautiful duplex with open floor plan.
    Located minutes from shopping.
    Property is recently upgraded and includes no HOA.
    Priced to sell with strong investment potential.",Beautiful duplex with open floor plan. Located minutes from shopping. Property is recently upgraded and includes no HOA. Priced to sell with strong investment potential.
100605,705 Example St,San Francisco,4,2,750000,"Beautiful single family home with stainless steel appliances.
    Located minutes from shopping.
    Property is move-in ready and includes large lot.
    Priced to sell with strong investment potential.",Beautiful single family home with stainless steel appliances. Located minutes from shopping. Property is move-in ready and includes large lot. Priced to sell with strong investment potential.
100606,706 Example St,San Diego,4,1,950000,"Beautiful townhouse with smart home system.
    Located walking distance to parks.
    Property is needs TLC and includes community pool.
    Priced to sell with strong investment potential.",Beautiful townhouse with smart home system. Located walking distance to parks. Property is needs TLC and includes community pool. Priced to sell with strong investment potential.
100607,707 Example St,Los Angeles,1,2,850000,"Beautiful duplex with solar panels.
    Located gated community.
    Property is recently upgraded and includes community pool.
    Priced to sell with strong investment potential.",Beautiful duplex with solar panels. Located gated community. Property is recently upgraded and includes community pool. Priced to sell with strong investment potential.
100608,708 Example St,San Diego,2,4,850000,"Beautiful townhouse with hardwood floors.
    Located minutes from shopping.
    Property is needs TLC and includes private backyard.
    Priced to sell with strong investment potential.",Beautiful townhouse with hardwood floors. Located minutes from shopping. Property is needs TLC and includes private backyard. Priced to sell with strong investment potential.
100609,709 Example St,San Diego,2,1,350000,"Beautiful investment property with walk-in closet.
    Located quiet neighborhood.
    Property is recently upgraded and includes private backyard.
    Priced to sell with strong investment potential.",Beautiful investment property with walk-in closet. Located quiet neighborhood. Property is recently upgraded and includes private backyard. Priced to sell with strong investment potential.
100610,710 Example St,San Diego,2,4,850000,"Beautiful duplex with walk-in closet.
    Located near public transportation.
    Property is recently upgraded and includes two-car garage.
    Priced to sell with strong investment potential.",Beautiful duplex with walk-in closet. Located near public transportation. Property is recently upgraded and includes two-car garage. Priced to sell with strong investment potential.
100611,711 Example St,San Francisco,3,2,950000,"Beautiful townhouse with smart home system.
    Located gated community.
    Property is needs TLC and includes low HOA fees.
    Priced to sell with strong investment potential.",Beautiful townhouse with smart home system. Located gated community. Property is needs TLC and includes low home owners association fees. Priced to sell with strong investment potential.
100612,712 Example St,Los Angeles,5,1,850000,"Beautiful duplex with stainless steel appliances.
    Located close to schools.
    Property is fixer upper and includes community pool.
    Priced to sell with strong investment potential.",Beautiful duplex with stainless steel appliances. Located close to schools. Property is fixer upper and includes community pool. Priced to sell with strong investment potential.
100613,713 Example St,San Francisco,5,2,550000,"Beautiful duplex with smart home system.
    Located minutes from shopping.
    Property is fully renovated and includes community pool.
    Priced to sell with strong investment potential.",Beautiful duplex with smart home system. Located minutes from shopping. Property is fully renovated and includes community pool. Priced to sell with strong investment potential.
100614,714 Example St,San Jose,1,4,750000,"Beautiful single family home with hardwood floors.
    Located quiet neighborhood.
    Property is needs TLC and includes low HOA fees.
    Priced to sell with strong investment potential.",Beautiful single family home with hardwood floors. Located quiet neighborhood. Property is needs TLC and includes low home owners association fees. Priced to sell with strong investment potential.
100615,715 Example St,San Francisco,5,1,850000,"Beautiful duplex with walk-in closet.
    Located close to schools.
    Property is needs TLC and includes two-car garage.
    Priced to sell with strong investment potential.",Beautiful duplex with walk-in closet. Located close to schools. Property is needs TLC and includes two-car garage. Priced to sell with strong investment potential.
100616,716 Example St,San Francisco,1,3,450000,"Beautiful single family home with walk-in closet.
    Located minutes from shopping.
    Property is newly remodeled and includes corner lot.
    Priced to sell with strong investment potential.",Beautiful single family home with walk-in closet. Located minutes from shopping. Property is newly remodeled and includes corner lot. Priced to sell with strong investment potential.
100617,717 Example St,Los Angeles,2,4,450000,"Beautiful townhouse with granite countertops.
    Located near downtown.
    Property is move-in ready and includes corner lot.
    Priced to sell with strong investment potential.",Beautiful townhouse with granite countertops. Located near downtown. Property is move-in ready and includes corner lot. Priced to sell with strong investment potential.
100618,718 Example St,San Jose,5,4,950000,"Beautiful townhouse with granite countertops.
    Located close to schools.
    Property is recently upgraded and includes private backyard.
    Priced to sell with strong investment potential.",Beautiful townhouse with granite countertops. Located close to schools. Property is recently upgraded and includes private backyard. Priced to sell with strong investment potential.
100619,719 Example St,Los Angeles,2,2,750000,"Beautiful investment property with open floor plan.
    Located near downtown.
    Property is fully renovated and includes corner lot.
    Priced to sell with strong investment potential.",Beautiful investment property with open floor plan. Located near downtown. Property is fully renovated and includes corner lot. Priced to sell with strong investment potential.
100620,720 Example St,San Francisco,2,1,350000,"Beautiful single family home with solar panels.
    Located quiet neighborhood.
    Property is newly remodeled and includes large lot.
    Priced to sell with strong investment potential.",Beautiful single family home with solar panels. Located quiet neighborhood. Property is newly remodeled and includes large lot. Priced to sell with strong investment potential.
100621,721 Example St,San Diego,4,4,750000,"Beautiful condo with solar panels.
    Located near downtown.
    Property is recently upgraded and includes two-car garage.
    Priced to sell with strong investment potential.",Beautiful condominium with solar panels. Located near downtown. Property is recently upgraded and includes two-car garage. Priced to sell with strong investment potential.
100622,722 Example St,Los Angeles,5,4,850000,"Beautiful investment property with walk-in closet.
    Located near downtown.
    Property is needs TLC and includes low HOA fees.
    Priced to sell with strong investment potential.",Beautiful investment property with walk-in closet. Located near downtown. Property is needs TLC and includes low home owners association fees. Priced to sell with strong investment potential.
100623,723 Example St,San Diego,1,2,950000,"Beautiful townhouse with smart home system.
    Located walking distance to parks.
    Property is move-in ready and includes low HOA fees.
    Priced to sell with strong investment potential.",Beautiful townhouse with smart home system. Located walking distance to parks. Property is move-in ready and includes low home owners association fees. Priced to sell with strong investment potential.
100624,724 Example St,Los Angeles,5,2,450000,"Beautiful duplex with hardwood floors.
    Located walking distance to parks.
    Property is fixer upper and includes large lot.
    Priced to sell with strong investment potential.",Beautiful duplex with hardwood floors. Located walking distance to parks. Property is fixer upper and includes large lot. Priced to sell with strong investment potential.
100625,725 Example St,Los Angeles,5,2,550000,"Beautiful single family home with walk-in closet.
    Located walking distance to parks.
    Property is fixer upper and includes private backyard.
    Priced to sell with strong investment potential.",Beautiful single family home with walk-in closet. Located walking distance to parks. Property is fixer upper and includes private backyard. Priced to sell with strong investment potential.
100626,726 Example St,Los Angeles,2,3,650000,"Beautiful townhouse with stainless steel appliances.
    Located near downtown.
    Property is recently upgraded and includes large lot.
    Priced to sell with strong investment potential.",Beautiful townhouse with stainless steel appliances. Located near downtown. Property is recently upgraded and includes large lot. Priced to sell with strong investment potential.
100627,727 Example St,San Francisco,5,1,650000,"Beautiful townhouse with walk-in closet.
    Located near public transportation.
    Property is move-in ready and includes low HOA fees.
    Priced to sell with strong investment potential.",Beautiful townhouse with walk-in closet. Located near public transportation. Property is move-in ready and includes low home owners association fees. Priced to sell with strong investment potential.
100628,728 Example St,Los Angeles,1,4,450000,"Beautiful townhouse with walk-in closet.
    Located walking distance to parks.
    Property is fixer upper and includes private backyard.
    Priced to sell with strong investment potential.",Beautiful townhouse with walk-in closet. Located walking distance to parks. Property is fixer upper and includes private backyard. Priced to sell with strong investment potential.
100629,729 Example St,San Diego,4,1,750000,"Beautiful investment property with hardwood floors.
    Located minutes from shopping.
    Property is move-in ready and includes low HOA fees.
    Priced to sell with strong investment potential.",Beautiful investment property with hardwood floors. Located minutes from shopping. Property is move-in ready and includes low home owners association fees. Priced to sell with strong investment potential.
100630,730 Example St,San Francisco,4,1,550000,"Beautiful investment property with solar panels.
    Located quiet neighborhood.
    Property is recently upgraded and includes low HOA fees.
    Priced to sell with strong investment potential.",Beautiful investment property with solar panels. Located quiet neighborhood. Property is recently upgraded and includes low home owners association fees. Priced to sell with strong investment potential.
100631,731 Example St,San Diego,3,4,350000,"Beautiful condo with walk-in closet.
    Located gated community.
    Property is needs TLC and includes low HOA fees.
    Priced to sell with strong investment potential.",Beautiful condominium with walk-in closet. Located gated community. Property is needs TLC and includes low home owners association fees. Priced to sell with strong investment potential.
100632,732 Example St,Los Angeles,2,2,750000,"Beautiful townhouse with hardwood floors.
    Located close to schools.
    Property is newly remodeled and includes community pool.
    Priced to sell with strong investment potential.",Beautiful townhouse with hardwood floors. Located close to schools. Property is newly remodeled and includes community pool. Priced to sell with strong investment potential.
100633,733 Example St,San Francisco,2,2,850000,"Beautiful duplex with walk-in closet.
    Located near downtown.
    Property is move-in ready and includes corner lot.
    Priced to sell with strong investment potential.",Beautiful duplex with walk-in closet. Located near downtown. Property is move-in ready and includes corner lot. Priced to sell with strong investment potential.
100634,734 Example St,San Jose,3,1,450000,"Beautiful single family home with smart home system.
    Located near public transportation.
    Property is fully renovated and includes no HOA.
    Priced to sell with strong investment potential.",Beautiful single family home with smart home system. Located near public transportation. Property is fully renovated and includes no HOA. Priced to sell with strong investment potential.
100635,735 Example St,Los Angeles,2,4,450000,"Beautiful townhouse with walk-in closet.
    Located walking distance to parks.
    Property is fixer upper and includes large lot.
    Priced to sell with strong investment potential.",Beautiful townhouse with walk-in closet. Located walking distance to parks. Property is fixer upper and includes large lot. Priced to sell with strong investment potential.
100636,736 Example St,Los Angeles,2,1,450000,"Beautiful duplex with granite countertops.
    Located quiet neighborhood.
    Property is fixer upper and includes large lot.
    Priced to sell with strong investment potential.",Beautiful duplex with granite countertops. Located quiet neighborhood. Property is fixer upper and includes large lot. Priced to sell with strong investment potential.
100637,737 Example St,San Jose,2,3,950000,"Beautiful duplex with vaulted ceilings.
    Located minutes from shopping.
    Property is fully renovated and includes no HOA.
    Priced to sell with strong investment potential.",Beautiful duplex with vaulted ceilings. Located minutes from shopping. Property is fully renovated and includes no HOA. Priced to sell with strong investment potential.
100638,738 Example St,San Diego,4,3,750000,"Beautiful duplex with solar panels.
    Located near downtown.
    Property is needs TLC and includes corner lot.
    Priced to sell with strong investment potential.",Beautiful duplex with solar panels. Located near downtown. Property is needs TLC and includes corner lot. Priced to sell with strong investment potential.
100639,739 Example St,San Diego,5,2,650000,"Beautiful investment property with open floor plan.
    Located close to schools.
    Property is move-in ready and includes corner lot.
    Priced to sell with strong investment potential.",Beautiful investment property with open floor plan. Located close to schools. Property is move-in ready and includes corner lot. Priced to sell with strong investment potential.
100640,740 Example St,San Diego,5,3,350000,"Beautiful single family home with walk-in closet.
    Located near public transportation.
    Property is recently upgraded and includes no HOA.
    Priced to sell with strong investment potential.",Beautiful single family home with walk-in closet. Located near public transportation. Property is recently upgraded and includes no HOA. Priced to sell with strong investment potential.
100641,741 Example St,San Jose,2,1,750000,"Beautiful townhouse with stainless steel appliances.
    Located near public transportation.
    Property is newly remodeled and includes private backyard.
    Priced to sell with strong investment potential.",Beautiful townhouse with stainless steel appliances. Located near public transportation. Property is newly remodeled and includes private backyard. Priced to sell with strong investment potential.
100642,742 Example St,San Francisco,2,3,650000,"Beautiful townhouse with stainless steel appliances.
    Located gated community.
    Property is needs TLC and includes low HOA fees.
    Priced to sell with strong investment potential.",Beautiful townhouse with stainless steel appliances. Located gated community. Property is needs TLC and includes low home owners association fees. Priced to sell with strong investment potential.
100643,743 Example St,San Francisco,2,3,350000,"Beautiful single family home with stainless steel appliances.
    Located minutes from shopping.
    Property is recently upgraded and includes corner lot.
    Priced to sell with strong investment potential.",Beautiful single family home with stainless steel appliances. Located minutes from shopping. Property is recently upgraded and includes corner lot. Priced to sell with strong investment potential.
100644,744 Example St,San Jose,4,2,650000,"Beautiful investment property with open floor plan.
    Located gated community.
    Property is needs TLC and includes community pool.
    Priced to sell with strong investment potential.",Beautiful investment property with open floor plan. Located gated community. Property is needs TLC and includes community pool. Priced to sell with strong investment potential.
100645,745 Example St,San Diego,2,2,450000,"Beautiful investment property with stainless steel appliances.
    Located gated community.
    Property is fully renovated and includes community pool.
    Priced to sell with strong investment potential.",Beautiful investment property with stainless steel appliances. Located gated community. Property is fully renovated and includes community pool. Priced to sell with strong investment potential.
100646,746 Example St,San Diego,4,3,650000,"Beautiful single family home with walk-in closet.
    Located gated community.
    Property is newly remodeled and includes corner lot.
    Priced to sell with strong investment potential.",Beautiful single family home with walk-in closet. Located gated community. Property is newly remodeled and includes corner lot. Priced to sell with strong investment potential.
100647,747 Example St,Los Angeles,3,2,350000,"Beautiful townhouse with smart home system.
    Located close to schools.
    Property is fully renovated and includes low HOA fees.
    Priced to sell with strong investment potential.",Beautiful townhouse with smart home system. Located close to schools. Property is fully renovated and includes low home owners association fees. Priced to sell with strong investment potential.
100648,748 Example St,San Francisco,5,2,550000,"Beautiful duplex with open floor plan.
    Located near public transportation.
    Property is fully renovated and includes corner lot.
    Priced to sell with strong investment potential.",Beautiful duplex with open floor plan. Located near public transportation. Property is fully renovated and includes corner lot. Priced to sell with strong investment potential.
100649,749 Example St,San Diego,4,2,850000,"Beautiful single family home with solar panels.
    Located minutes from shopping.
    Property is move-in ready and includes low HOA fees.
    Priced to sell with strong investment potential.",Beautiful single family home with solar panels. Located minutes from shopping. Property is move-in ready and includes low home owners association fees. Priced to sell with strong investment potential.
100650,750 Example St,San Francisco,3,1,650000,"Beautiful townhouse with granite countertops.
    Located walking distance to parks.
    Property is move-in ready and includes two-car garage.
    Priced to sell with strong investment potential.",Beautiful townhouse with granite countertops. Located walking distance to parks. Property is move-in ready and includes two-car garage. Priced to sell with strong investment potential.
100651,751 Example St,San Jose,4,4,650000,"Beautiful investment property with solar panels.
    Located close to schools.
    Property is needs TLC and includes large lot.
    Priced to sell with strong investment potential.",Beautiful investment property with solar panels. Located close to schools. Property is needs TLC and includes large lot. Priced to sell with strong investment potential.
100652,752 Example St,San Francisco,3,2,950000,"Beautiful single family home with smart home system.
    Located gated community.
    Property is fixer upper and includes corner lot.
    Priced to sell with strong investment potential.",Beautiful single family home with smart home system. Located gated community. Property is fixer upper and includes corner lot. Priced to sell with strong investment potential.
100653,753 Example St,San Jose,5,3,650000,"Beautiful townhouse with walk-in closet.
    Located gated community.
    Property is move-in ready and includes corner lot.
    Priced to sell with strong investment potential.",Beautiful townhouse with walk-in closet. Located gated community. Property is move-in ready and includes corner lot. Priced to sell with strong investment potential.
100654,754 Example St,Los Angeles,4,2,950000,"Beautiful investment property with solar panels.
    Located quiet neighborhood.
    Property is fully renovated and includes large lot.
    Priced to sell with strong investment potential.",Beautiful investment property with solar panels. Located quiet neighborhood. Property is fully renovated and includes large lot. Priced to sell with strong investment potential.
100655,755 Example St,San Jose,3,2,650000,"Beautiful condo with granite countertops.
    Located gated community.
    Property is needs TLC and includes community pool.
    Priced to sell with strong investment potential.",Beautiful condominium with granite countertops. Located gated community. Property is needs TLC and includes community pool. Priced to sell with strong investment potential.
100656,756 Example St,San Francisco,1,4,850000,"Beautiful single family home with stainless steel appliances.
    Located close to schools.
    Property is needs TLC and includes private backyard.
    Priced to sell with strong investment potential.",Beautiful single family home with stainless steel appliances. Located close to schools. Property is needs TLC and includes private backyard. Priced to sell with strong investment potential.
100657,757 Example St,San Jose,3,4,550000,"Beautiful condo with solar panels.
    Located near public transportation.
    Property is fixer upper and includes community pool.
    Priced to sell with strong investment potential.",Beautiful condominium with solar panels. Located near public transportation. Property is fixer upper and includes community pool. Priced to sell with strong investment potential.
100658,758 Example St,San Francisco,5,1,450000,"Beautiful single family home with vaulted ceilings.
    Located minutes from shopping.
    Property is recently upgraded and includes private backyard.
    Priced to sell with strong investment potential.",Beautiful single family home with vaulted ceilings. Located minutes from shopping. Property is recently upgraded and includes private backyard. Priced to sell with strong investment potential.
100659,759 Example St,Los Angeles,5,1,550000,"Beautiful duplex with walk-in closet.
    Located near public transportation.
    Property is fixer upper and includes private backyard.
    Priced to sell with strong investment potential.",Beautiful duplex with walk-in closet. Located near public transportation. Property is fixer upper and includes private backyard. Priced to sell with strong investment potential.
100660,760 Example St,San Diego,1,2,650000,"Beautiful duplex with solar panels.
    Located gated community.
    Property is recently upgraded and includes low HOA fees.
    Priced to sell with strong investment potential.",Beautiful duplex with solar panels. Located gated community. Property is recently upgraded and includes low home owners association fees. Priced to sell with strong investment potential.
100661,761 Example St,San Jose,5,2,550000,"Beautiful condo with open floor plan.
    Located close to schools.
    Property is newly remodeled and includes community pool.
    Priced to sell with strong investment potential.",Beautiful condominium with open floor plan. Located close to schools. Property is newly remodeled and includes community pool. Priced to sell with strong investment potential.
100662,762 Example St,Los Angeles,4,3,350000,"Beautiful condo with solar panels.
    Located walking distance to parks.
    Property is needs TLC and includes no HOA.
    Priced to sell with strong investment potential.",Beautiful condominium with solar panels. Located walking distance to parks. Property is needs TLC and includes no HOA. Priced to sell with strong investment potential.
100663,763 Example St,San Jose,5,3,550000,"Beautiful townhouse with solar panels.
    Located near public transportation.
    Property is recently upgraded and includes corner lot.
    Priced to sell with strong investment potential.",Beautiful townhouse with solar panels. Located near public transportation. Property is recently upgraded and includes corner lot. Priced to sell with strong investment potential.
100664,764 Example St,Los Angeles,4,4,850000,"Beautiful investment property with stainless steel appliances.
    Located walking distance to parks.
    Property is fixer upper and includes private backyard.
    Priced to sell with strong investment potential.",Beautiful investment property with stainless steel appliances. Located walking distance to parks. Property is fixer upper and includes private backyard. Priced to sell with strong investment potential.
100665,765 Example St,San Jose,2,2,450000,"Beautiful investment property with smart home system.
    Located near downtown.
    Property is fully renovated and includes two-car garage.
    Priced to sell with strong investment potential.",Beautiful investment property with smart home system. Located near downtown. Property is fully renovated and includes two-car garage. Priced to sell with strong investment potential.
100666,766 Example St,San Diego,1,4,350000,"Beautiful duplex with open floor plan.
    Located quiet neighborhood.
    Property is fully renovated and includes corner lot.
    Priced to sell with strong investment potential.",Beautiful duplex with open floor plan. Located quiet neighborhood. Property is fully renovated and includes corner lot. Priced to sell with strong investment potential.
100667,767 Example St,San Diego,4,1,950000,"Beautiful condo with hardwood floors.
    Located walking distance to parks.
    Property is newly remodeled and includes low HOA fees.
    Priced to sell with strong investment potential.",Beautiful condominium with hardwood floors. Located walking distance to parks. Property is newly remodeled and includes low home owners association fees. Priced to sell with strong investment potential.
100668,768 Example St,Los Angeles,5,3,650000,"Beautiful duplex with open floor plan.
    Located gated community.
    Property is fixer upper and includes two-car garage.
    Priced to sell with strong investment potential.",Beautiful duplex with open floor plan. Located gated community. Property is fixer upper and includes two-car garage. Priced to sell with strong investment potential.
100669,769 Example St,San Francisco,4,4,450000,"Beautiful condo with stainless steel appliances.
    Located near public transportation.
    Property is needs TLC and includes no HOA.
    Priced to sell with strong investment potential.",Beautiful condominium with stainless steel appliances. Located near public transportation. Property is needs TLC and includes no HOA. Priced to sell with strong investment potential.
100670,770 Example St,San Francisco,2,4,450000,"Beautiful investment property with walk-in closet.
    Located quiet neighborhood.
    Property is fully renovated and includes two-car garage.
    Priced to sell with strong investment potential.",Beautiful investment property with walk-in closet. Located quiet neighborhood. Property is fully renovated and includes two-car garage. Priced to sell with strong investment potential.
100671,771 Example St,Los Angeles,4,4,450000,"Beautiful investment property with stainless steel appliances.
    Located walking distance to parks.
    Property is newly remodeled and includes private backyard.
    Priced to sell with strong investment potential.",Beautiful investment property with stainless steel appliances. Located walking distance to parks. Property is newly remodeled and includes private backyard. Priced to sell with strong investment potential.
100672,772 Example St,Los Angeles,1,1,350000,"Beautiful investment property with smart home system.
    Located close to schools.
    Property is needs TLC and includes corner lot.
    Priced to sell with strong investment potential.",Beautiful investment property with smart home system. Located close to schools. Property is needs TLC and includes corner lot. Priced to sell with strong investment potential.
100673,773 Example St,San Diego,5,3,450000,"Beautiful duplex with granite countertops.
    Located walking distance to parks.
    Property is needs TLC and includes no HOA.
    Priced to sell with strong investment potential.",Beautiful duplex with granite countertops. Located walking distance to parks. Property is needs TLC and includes no HOA. Priced to sell with strong investment potential.
100674,774 Example St,San Diego,3,4,750000,"Beautiful townhouse with granite countertops.
    Located walking distance to parks.
    Property is needs TLC and includes low HOA fees.
    Priced to sell with strong investment potential.",Beautiful townhouse with granite countertops. Located walking distance to parks. Property is needs TLC and includes low home owners association fees. Priced to sell with strong investment potential.
100675,775 Example St,Los Angeles,2,2,450000,"Beautiful duplex with granite countertops.
    Located near public transportation.
    Property is move-in ready and includes two-car garage.
    Priced to sell with strong investment potential.",Beautiful duplex with granite countertops. Located near public transportation. Property is move-in ready and includes two-car garage. Priced to sell with strong investment potential.
100676,776 Example St,Los Angeles,2,2,950000,"Beautiful single family home with granite countertops.
    Located minutes from shopping.
    Property is needs TLC and includes low HOA fees.
    Priced to sell with strong investment potential.",Beautiful single family home with granite countertops. Located minutes from shopping. Property is needs TLC and includes low home owners association fees. Priced to sell with strong investment potential.
100677,777 Example St,San Jose,5,4,950000,"Beautiful investment property with solar panels.
    Located near public transportation.
    Property is fixer upper and includes no HOA.
    Priced to sell with strong investment potential.",Beautiful investment property with solar panels. Located near public transportation. Property is fixer upper and includes no HOA. Priced to sell with strong investment potential.
100678,778 Example St,San Francisco,2,4,850000,"Beautiful single family home with walk-in closet.
    Located walking distance to parks.
    Property is newly remodeled and includes no HOA.
    Priced to sell with strong investment potential.",Beautiful single family home with walk-in closet. Located walking distance to parks. Property is newly remodeled and includes no HOA. Priced to sell with strong investment potential.
100679,779 Example St,Los Angeles,1,1,450000,"Beautiful single family home with smart home system.
    Located near public transportation.
    Property is recently upgraded and includes no HOA.
    Priced to sell with strong investment potential.",Beautiful single family home with smart home system. Located near public transportation. Property is recently upgraded and includes no HOA. Priced to sell with strong investment potential.
100680,780 Example St,San Diego,5,3,950000,"Beautiful townhouse with walk-in closet.
    Located near downtown.
    Property is recently upgraded and includes low HOA fees.
    Priced to sell with strong investment potential.",Beautiful townhouse with walk-in closet. Located near downtown. Property is recently upgraded and includes low home owners association fees. Priced to sell with strong investment potential.
100681,781 Example St,Los Angeles,4,1,850000,"Beautiful duplex with vaulted ceilings.
    Located close to schools.
    Property is move-in ready and includes two-car garage.
    Priced to sell with strong investment potential.",Beautiful duplex with vaulted ceilings. Located close to schools. Property is move-in ready and includes two-car garage. Priced to sell with strong investment potential.
100682,782 Example St,San Diego,2,1,450000,"Beautiful single family home with open floor plan.
    Located minutes from shopping.
    Property is newly remodeled and includes corner lot.
    Priced to sell with strong investment potential.",Beautiful single family home with open floor plan. Located minutes from shopping. Property is newly remodeled and includes corner lot. Priced to sell with strong investment potential.
100683,783 Example St,San Jose,3,3,750000,"Beautiful investment property with vaulted ceilings.
    Located minutes from shopping.
    Property is fully renovated and includes corner lot.
    Priced to sell with strong investment potential.",Beautiful investment property with vaulted ceilings. Located minutes from shopping. Property is fully renovated and includes corner lot. Priced to sell with strong investment potential.
100684,784 Example St,San Francisco,4,1,350000,"Beautiful townhouse with hardwood floors.
    Located close to schools.
    Property is fully renovated and includes low HOA fees.
    Priced to sell with strong investment potential.",Beautiful townhouse with hardwood floors. Located close to schools. Property is fully renovated and includes low home owners association fees. Priced to sell with strong investment potential.
100685,785 Example St,Los Angeles,2,3,750000,"Beautiful investment property with smart home system.
    Located gated community.
    Property is needs TLC and includes community pool.
    Priced to sell with strong investment potential.",Beautiful investment property with smart home system. Located gated community. Property is needs TLC and includes community pool. Priced to sell with strong investment potential.
100686,786 Example St,San Francisco,3,3,350000,"Beautiful duplex with granite countertops.
    Located minutes from shopping.
    Property is recently upgraded and includes low HOA fees.
    Priced to sell with strong investment potential.",Beautiful duplex with granite countertops. Located minutes from shopping. Property is recently upgraded and includes low home owners association fees. Priced to sell with strong investment potential.
100687,787 Example St,Los Angeles,3,4,450000,"Beautiful townhouse with hardwood floors.
    Located walking distance to parks.
    Property is recently upgraded and includes corner lot.
    Priced to sell with strong investment potential.",Beautiful townhouse with hardwood floors. Located walking distance to parks. Property is recently upgraded and includes corner lot. Priced to sell with strong investment potential.
100688,788 Example St,San Diego,5,2,550000,"Beautiful duplex with granite countertops.
    Located close to schools.
    Property is fully renovated and includes community pool.
    Priced to sell with strong investment potential.",Beautiful duplex with granite countertops. Located close to schools. Property is fully renovated and includes community pool. Priced to sell with strong investment potential.
100689,789 Example St,San Francisco,3,4,850000,"Beautiful condo with smart home system.
    Located walking distance to parks.
    Property is fixer upper and includes corner lot.
    Priced to sell with strong investment potential.",Beautiful condominium with smart home system. Located walking distance to parks. Property is fixer upper and includes corner lot. Priced to sell with strong investment potential.
100690,790 Example St,San Diego,5,2,950000,"Beautiful investment property with smart home system.
    Located minutes from shopping.
    Property is newly remodeled and includes no HOA.
    Priced to sell with strong investment potential.",Beautiful investment property with smart home system. Located minutes from shopping. Property is newly remodeled and includes no HOA. Priced to sell with strong investment potential.
100691,791 Example St,San Jose,4,3,950000,"Beautiful condo with vaulted ceilings.
    Located gated community.
    Property is needs TLC and includes community pool.
    Priced to sell with strong investment potential.",Beautiful condominium with vaulted ceilings. Located gated community. Property is needs TLC and includes community pool. Priced to sell with strong investment potential.
100692,792 Example St,San Jose,1,1,750000,"Beautiful investment property with hardwood floors.
    Located near public transportation.
    Property is newly remodeled and includes community pool.
    Priced to sell with strong investment potential.",Beautiful investment property with hardwood floors. Located near public transportation. Property is newly remodeled and includes community pool. Priced to sell with strong investment potential.
100693,793 Example St,San Diego,5,2,850000,"Beautiful condo with stainless steel appliances.
    Located close to schools.
    Property is needs TLC and includes community pool.
    Priced to sell with strong investment potential.",Beautiful condominium with stainless steel appliances. Located close to schools. Property is needs TLC and includes community pool. Priced to sell with strong investment potential.
100694,794 Example St,San Diego,5,1,550000,"Beautiful townhouse with walk-in closet.
    Located gated community.
    Property is fully renovated and includes large lot.
    Priced to sell with strong investment potential.",Beautiful townhouse with walk-in closet. Located gated community. Property is fully renovated and includes large lot. Priced to sell with strong investment potential.
100695,795 Example St,San Diego,1,2,650000,"Beautiful investment property with walk-in closet.
    Located near downtown.
    Property is fixer upper and includes two-car garage.
    Priced to sell with strong investment potential.",Beautiful investment property with walk-in closet. Located near downtown. Property is fixer upper and includes two-car garage. Priced to sell with strong investment potential.
100696,796 Example St,Los Angeles,2,4,350000,"Beautiful single family home with stainless steel appliances.
    Located minutes from shopping.
    Property is recently upgraded and includes community pool.
    Priced to sell with strong investment potential.",Beautiful single family home with stainless steel appliances. Located minutes from shopping. Property is recently upgraded and includes community pool. Priced to sell with strong investment potential.
100697,797 Example St,San Diego,4,1,950000,"Beautiful duplex with vaulted ceilings.
    Located minutes from shopping.
    Property is needs TLC and includes community pool.
    Priced to sell with strong investment potential.",Beautiful duplex with vaulted ceilings. Located minutes from shopping. Property is needs TLC and includes community pool. Priced to sell with strong investment potential.
100698,798 Example St,San Francisco,5,2,350000,"Beautiful townhouse with walk-in closet.
    Located gated community.
    Property is fully renovated and includes no HOA.
    Priced to sell with strong investment potential.",Beautiful townhouse with walk-in closet. Located gated community. Property is fully renovated and includes no HOA. Priced to sell with strong investment potential.
100699,799 Example St,San Francisco,3,4,550000,"Beautiful investment property with hardwood floors.
    Located gated community.
    Property is fully renovated and includes community pool.
    Priced to sell with strong investment potential.",Beautiful investment property with hardwood floors. Located gated community. Property is fully renovated and includes community pool. Priced to sell with strong investment potential.
100700,800 Example St,Los Angeles,1,3,850000,"Beautiful condo with solar panels.
    Located near public transportation.
    Property is move-in ready and includes two-car garage.
    Priced to sell with strong investment potential.",Beautiful condominium with solar panels. Located near public transportation. Property is move-in ready and includes two-car garage. Priced to sell with strong investment potential.
100701,801 Example St,San Diego,4,4,350000,"Beautiful townhouse with walk-in closet.
    Located quiet neighborhood.
    Property is recently upgraded and includes two-car garage.
    Priced to sell with strong investment potential.",Beautiful townhouse with walk-in closet. Located quiet neighborhood. Property is recently upgraded and includes two-car garage. Priced to sell with strong investment potential.
100702,802 Example St,San Diego,2,2,850000,"Beautiful townhouse with granite countertops.
    Located near downtown.
    Property is move-in ready and includes large lot.
    Priced to sell with strong investment potential.",Beautiful townhouse with granite countertops. Located near downtown. Property is move-in ready and includes large lot. Priced to sell with strong investment potential.
100703,803 Example St,San Francisco,4,3,650000,"Beautiful single family home with hardwood floors.
    Located quiet neighborhood.
    Property is fixer upper and includes two-car garage.
    Priced to sell with strong investment potential.",Beautiful single family home with hardwood floors. Located quiet neighborhood. Property is fixer upper and includes two-car garage. Priced to sell with strong investment potential.
100704,804 Example St,San Francisco,2,4,850000,"Beautiful investment property with smart home system.
    Located near downtown.
    Property is newly remodeled and includes large lot.
    Priced to sell with strong investment potential.",Beautiful investment property with smart home system. Located near downtown. Property is newly remodeled and includes large lot. Priced to sell with strong investment potential.
100705,805 Example St,San Francisco,4,2,350000,"Beautiful investment property with walk-in closet.
    Located close to schools.
    Property is recently upgraded and includes low HOA fees.
    Priced to sell with strong investment potential.",Beautiful investment property with walk-in closet. Located close to schools. Property is recently upgraded and includes low home owners association fees. Priced to sell with strong investment potential.
100706,806 Example St,San Diego,5,2,350000,"Beautiful condo with solar panels.
    Located walking distance to parks.
    Property is recently upgraded and includes no HOA.
    Priced to sell with strong investment potential.",Beautiful condominium with solar panels. Located walking distance to parks. Property is recently upgraded and includes no HOA. Priced to sell with strong investment potential.
100707,807 Example St,San Jose,2,4,350000,"Beautiful single family home with solar panels.
    Located gated community.
    Property is fixer upper and includes private backyard.
    Priced to sell with strong investment potential.",Beautiful single family home with solar panels. Located gated community. Property is fixer upper and includes private backyard. Priced to sell with strong investment potential.
100708,808 Example St,San Francisco,2,2,850000,"Beautiful investment property with hardwood floors.
    Located gated community.
    Property is recently upgraded and includes no HOA.
    Priced to sell with strong investment potential.",Beautiful investment property with hardwood floors. Located gated community. Property is recently upgraded and includes no HOA. Priced to sell with strong investment potential.
100709,809 Example St,Los Angeles,5,4,650000,"Beautiful single family home with smart home system.
    Located near downtown.
    Property is fully renovated and includes two-car garage.
    Priced to sell with strong investment potential.",Beautiful single family home with smart home system. Located near downtown. Property is fully renovated and includes two-car garage. Priced to sell with strong investment potential.
100710,810 Example St,Los Angeles,1,4,350000,"Beautiful single family home with walk-in closet.
    Located quiet neighborhood.
    Property is recently upgraded and includes two-car garage.
    Priced to sell with strong investment potential.",Beautiful single family home with walk-in closet. Located quiet neighborhood. Property is recently upgraded and includes two-car garage. Priced to sell with strong investment potential.
100711,811 Example St,Los Angeles,5,4,650000,"Beautiful condo with vaulted ceilings.
    Located gated community.
    Property is move-in ready and includes no HOA.
    Priced to sell with strong investment potential.",Beautiful condominium with vaulted ceilings. Located gated community. Property is move-in ready and includes no HOA. Priced to sell with strong investment potential.
100712,812 Example St,San Diego,3,2,850000,"Beautiful single family home with granite countertops.
    Located walking distance to parks.
    Property is needs TLC and includes two-car garage.
    Priced to sell with strong investment potential.",Beautiful single family home with granite countertops. Located walking distance to parks. Property is needs TLC and includes two-car garage. Priced to sell with strong investment potential.
100713,813 Example St,San Jose,5,1,950000,"Beautiful duplex with vaulted ceilings.
    Located close to schools.
    Property is newly remodeled and includes low HOA fees.
    Priced to sell with strong investment potential.",Beautiful duplex with vaulted ceilings. Located close to schools. Property is newly remodeled and includes low home owners association fees. Priced to sell with strong investment potential.
100714,814 Example St,San Francisco,3,1,350000,"Beautiful duplex with hardwood floors.
    Located near public transportation.
    Property is move-in ready and includes no HOA.
    Priced to sell with strong investment potential.",Beautiful duplex with hardwood floors. Located near public transportation. Property is move-in ready and includes no HOA. Priced to sell with strong investment potential.
100715,815 Example St,San Francisco,5,4,850000,"Beautiful duplex with open floor plan.
    Located minutes from shopping.
    Property is fully renovated and includes large lot.
    Priced to sell with strong investment potential.",Beautiful duplex with open floor plan. Located minutes from shopping. Property is fully renovated and includes large lot. Priced to sell with strong investment potential.
100716,816 Example St,San Francisco,4,1,850000,"Beautiful single family home with vaulted ceilings.
    Located near downtown.
    Property is recently upgraded and includes low HOA fees.
    Priced to sell with strong investment potential.",Beautiful single family home with vaulted ceilings. Located near downtown. Property is recently upgraded and includes low home owners association fees. Priced to sell with strong investment potential.
100717,817 Example St,San Francisco,4,4,950000,"Beautiful single family home with smart home system.
    Located walking distance to parks.
    Property is move-in ready and includes no HOA.
    Priced to sell with strong investment potential.",Beautiful single family home with smart home system. Located walking distance to parks. Property is move-in ready and includes no HOA. Priced to sell with strong investment potential.
100718,818 Example St,San Diego,1,1,750000,"Beautiful condo with hardwood floors.
    Located quiet neighborhood.
    Property is move-in ready and includes community pool.
    Priced to sell with strong investment potential.",Beautiful condominium with hardwood floors. Located quiet neighborhood. Property is move-in ready and includes community pool. Priced to sell with strong investment potential.
100719,819 Example St,San Diego,4,3,450000,"Beautiful investment property with open floor plan.
    Located minutes from shopping.
    Property is needs TLC and includes corner lot.
    Priced to sell with strong investment potential.",Beautiful investment property with open floor plan. Located minutes from shopping. Property is needs TLC and includes corner lot. Priced to sell with strong investment potential.
100720,820 Example St,San Francisco,2,1,450000,"Beautiful condo with walk-in closet.
    Located close to schools.
    Property is recently upgraded and includes private backyard.
    Priced to sell with strong investment potential.",Beautiful condominium with walk-in closet. Located close to schools. Property is recently upgraded and includes private backyard. Priced to sell with strong investment potential.
100721,821 Example St,San Diego,5,4,950000,"Beautiful townhouse with walk-in closet.
    Located near downtown.
    Property is fully renovated and includes corner lot.
    Priced to sell with strong investment potential.",Beautiful townhouse with walk-in closet. Located near downtown. Property is fully renovated and includes corner lot. Priced to sell with strong investment potential.
100722,822 Example St,San Jose,5,4,850000,"Beautiful condo with walk-in closet.
    Located gated community.
    Property is recently upgraded and includes two-car garage.
    Priced to sell with strong investment potential.",Beautiful condominium with walk-in closet. Located gated community. Property is recently upgraded and includes two-car garage. Priced to sell with strong investment potential.
100723,823 Example St,San Jose,2,3,350000,"Beautiful single family home with walk-in closet.
    Located gated community.
    Property is newly remodeled and includes large lot.
    Priced to sell with strong investment potential.",Beautiful single family home with walk-in closet. Located gated community. Property is newly remodeled and includes large lot. Priced to sell with strong investment potential.
100724,824 Example St,San Francisco,4,1,350000,"Beautiful condo with solar panels.
    Located minutes from shopping.
    Property is move-in ready and includes low HOA fees.
    Priced to sell with strong investment potential.",Beautiful condominium with solar panels. Located minutes from shopping. Property is move-in ready and includes low home owners association fees. Priced to sell with strong investment potential.
100725,825 Example St,San Jose,5,4,350000,"Beautiful investment property with hardwood floors.
    Located close to schools.
    Property is fully renovated and includes private backyard.
    Priced to sell with strong investment potential.",Beautiful investment property with hardwood floors. Located close to schools. Property is fully renovated and includes private backyard. Priced to sell with strong investment potential.
100726,826 Example St,San Jose,1,3,850000,"Beautiful duplex with stainless steel appliances.
    Located near public transportation.
    Property is recently upgraded and includes low HOA fees.
    Priced to sell with strong investment potential.",Beautiful duplex with stainless steel appliances. Located near public transportation. Property is recently upgraded and includes low home owners association fees. Priced to sell with strong investment potential.
100727,827 Example St,San Francisco,5,4,550000,"Beautiful townhouse with hardwood floors.
    Located walking distance to parks.
    Property is fully renovated and includes large lot.
    Priced to sell with strong investment potential.",Beautiful townhouse with hardwood floors. Located walking distance to parks. Property is fully renovated and includes large lot. Priced to sell with strong investment potential.
100728,828 Example St,San Francisco,3,3,950000,"Beautiful single family home with solar panels.
    Located quiet neighborhood.
    Property is fully renovated and includes large lot.
    Priced to sell with strong investment potential.",Beautiful single family home with solar panels. Located quiet neighborhood. Property is fully renovated and includes large lot. Priced to sell with strong investment potential.
100729,829 Example St,San Jose,1,4,850000,"Beautiful investment property with solar panels.
    Located minutes from shopping.
    Property is recently upgraded and includes large lot.
    Priced to sell with strong investment potential.",Beautiful investment property with solar panels. Located minutes from shopping. Property is recently upgraded and includes large lot. Priced to sell with strong investment potential.
100730,830 Example St,San Francisco,3,1,550000,"Beautiful duplex with smart home system.
    Located walking distance to parks.
    Property is fully renovated and includes low HOA fees.
    Priced to sell with strong investment potential.",Beautiful duplex with smart home system. Located walking distance to parks. Property is fully renovated and includes low home owners association fees. Priced to sell with strong investment potential.
100731,831 Example St,San Francisco,4,4,850000,"Beautiful investment property with open floor plan.
    Located gated community.
    Property is fully renovated and includes large lot.
    Priced to sell with strong investment potential.",Beautiful investment property with open floor plan. Located gated community. Property is fully renovated and includes large lot. Priced to sell with strong investment potential.
100732,832 Example St,San Jose,1,3,850000,"Beautiful duplex with vaulted ceilings.
    Located walking distance to parks.
    Property is newly remodeled and includes corner lot.
    Priced to sell with strong investment potential.",Beautiful duplex with vaulted ceilings. Located walking distance to parks. Property is newly remodeled and includes corner lot. Priced to sell with strong investment potential.
100733,833 Example St,San Diego,1,4,950000,"Beautiful single family home with granite countertops.
    Located minutes from shopping.
    Property is newly remodeled and includes no HOA.
    Priced to sell with strong investment potential.",Beautiful single family home with granite countertops. Located minutes from shopping. Property is newly remodeled and includes no HOA. Priced to sell with strong investment potential.
100734,834 Example St,San Francisco,5,4,350000,"Beautiful investment property with hardwood floors.
    Located near public transportation.
    Property is newly remodeled and includes corner lot.
    Priced to sell with strong investment potential.",Beautiful investment property with hardwood floors. Located near public transportation. Property is newly remodeled and includes corner lot. Priced to sell with strong investment potential.
100735,835 Example St,San Diego,2,4,550000,"Beautiful single family home with vaulted ceilings.
    Located walking distance to parks.
    Property is needs TLC and includes community pool.
    Priced to sell with strong investment potential.",Beautiful single family home with vaulted ceilings. Located walking distance to parks. Property is needs TLC and includes community pool. Priced to sell with strong investment potential.
100736,836 Example St,Los Angeles,2,2,450000,"Beautiful investment property with walk-in closet.
    Located close to schools.
    Property is move-in ready and includes no HOA.
    Priced to sell with strong investment potential.",Beautiful investment property with walk-in closet. Located close to schools. Property is move-in ready and includes no HOA. Priced to sell with strong investment potential.
100737,837 Example St,Los Angeles,3,3,450000,"Beautiful townhouse with granite countertops.
    Located close to schools.
    Property is fixer upper and includes no HOA.
    Priced to sell with strong investment potential.",Beautiful townhouse with granite countertops. Located close to schools. Property is fixer upper and includes no HOA. Priced to sell with strong investment potential.
100738,838 Example St,San Francisco,3,1,950000,"Beautiful investment property with smart home system.
    Located minutes from shopping.
    Property is recently upgraded and includes corner lot.
    Priced to sell with strong investment potential.",Beautiful investment property with smart home system. Located minutes from shopping. Property is recently upgraded and includes corner lot. Priced to sell with strong investment potential.
100739,839 Example St,San Diego,5,2,750000,"Beautiful duplex with walk-in closet.
    Located walking distance to parks.
    Property is needs TLC and includes private backyard.
    Priced to sell with strong investment potential.",Beautiful duplex with walk-in closet. Located walking distance to parks. Property is needs TLC and includes private backyard. Priced to sell with strong investment potential.
100740,840 Example St,San Diego,4,2,850000,"Beautiful townhouse with vaulted ceilings.
    Located near downtown.
    Property is needs TLC and includes no HOA.
    Priced to sell with strong investment potential.",Beautiful townhouse with vaulted ceilings. Located near downtown. Property is needs TLC and includes no HOA. Priced to sell with strong investment potential.
100741,841 Example St,San Diego,2,4,650000,"Beautiful townhouse with vaulted ceilings.
    Located gated community.
    Property is fully renovated and includes low HOA fees.
    Priced to sell with strong investment potential.",Beautiful townhouse with vaulted ceilings. Located gated community. Property is fully renovated and includes low home owners association fees. Priced to sell with strong investment potential.
100742,842 Example St,Los Angeles,3,1,650000,"Beautiful townhouse with open floor plan.
    Located near public transportation.
    Property is fully renovated and includes no HOA.
    Priced to sell with strong investment potential.",Beautiful townhouse with open floor plan. Located near public transportation. Property is fully renovated and includes no HOA. Priced to sell with strong investment potential.
100743,843 Example St,Los Angeles,3,1,450000,"Beautiful investment property with open floor plan.
    Located quiet neighborhood.
    Property is fully renovated and includes private backyard.
    Priced to sell with strong investment potential.",Beautiful investment property with open floor plan. Located quiet neighborhood. Property is fully renovated and includes private backyard. Priced to sell with strong investment potential.
100744,844 Example St,Los Angeles,2,3,550000,"Beautiful single family home with smart home system.
    Located gated community.
    Property is fully renovated and includes no HOA.
    Priced to sell with strong investment potential.",Beautiful single family home with smart home system. Located gated community. Property is fully renovated and includes no HOA. Priced to sell with strong investment potential.
100745,845 Example St,San Jose,4,2,750000,"Beautiful townhouse with stainless steel appliances.
    Located quiet neighborhood.
    Property is newly remodeled and includes large lot.
    Priced to sell with strong investment potential.",Beautiful townhouse with stainless steel appliances. Located quiet neighborhood. Property is newly remodeled and includes large lot. Priced to sell with strong investment potential.
100746,846 Example St,Los Angeles,4,1,750000,"Beautiful duplex with walk-in closet.
    Located near public transportation.
    Property is fixer upper and includes no HOA.
    Priced to sell with strong investment potential.",Beautiful duplex with walk-in closet. Located near public transportation. Property is fixer upper and includes no HOA. Priced to sell with strong investment potential.
100747,847 Example St,San Diego,2,4,550000,"Beautiful single family home with solar panels.
    Located near downtown.
    Property is fixer upper and includes corner lot.
    Priced to sell with strong investment potential.",Beautiful single family home with solar panels. Located near downtown. Property is fixer upper and includes corner lot. Priced to sell with strong investment potential.
100748,848 Example St,Los Angeles,4,3,550000,"Beautiful condo with smart home system.
    Located walking distance to parks.
    Property is recently upgraded and includes corner lot.
    Priced to sell with strong investment potential.",Beautiful condominium with smart home system. Located walking distance to parks. Property is recently upgraded and includes corner lot. Priced to sell with strong investment potential.
100749,849 Example St,San Jose,1,3,750000,"Beautiful condo with granite countertops.
    Located minutes from shopping.
    Property is fully renovated and includes private backyard.
    Priced to sell with strong investment potential.",Beautiful condominium with granite countertops. Located minutes from shopping. Property is fully renovated and includes private backyard. Priced to sell with strong investment potential.
100750,850 Example St,San Diego,4,3,650000,"Beautiful investment property with stainless steel appliances.
    Located minutes from shopping.
    Property is recently upgraded and includes community pool.
    Priced to sell with strong investment potential.",Beautiful investment property with stainless steel appliances. Located minutes from shopping. Property is recently upgraded and includes community pool. Priced to sell with strong investment potential.
100751,851 Example St,San Jose,4,4,850000,"Beautiful single family home with stainless steel appliances.
    Located minutes from shopping.
    Property is move-in ready and includes community pool.
    Priced to sell with strong investment potential.",Beautiful single family home with stainless steel appliances. Located minutes from shopping. Property is move-in ready and includes community pool. Priced to sell with strong investment potential.
100752,852 Example St,San Francisco,1,4,950000,"Beautiful townhouse with solar panels.
    Located quiet neighborhood.
    Property is fixer upper and includes two-car garage.
    Priced to sell with strong investment potential.",Beautiful townhouse with solar panels. Located quiet neighborhood. Property is fixer upper and includes two-car garage. Priced to sell with strong investment potential.
100753,853 Example St,San Francisco,3,2,450000,"Beautiful single family home with hardwood floors.
    Located near downtown.
    Property is newly remodeled and includes community pool.
    Priced to sell with strong investment potential.",Beautiful single family home with hardwood floors. Located near downtown. Property is newly remodeled and includes community pool. Priced to sell with strong investment potential.
100754,854 Example St,San Diego,4,4,650000,"Beautiful duplex with hardwood floors.
    Located close to schools.
    Property is fixer upper and includes corner lot.
    Priced to sell with strong investment potential.",Beautiful duplex with hardwood floors. Located close to schools. Property is fixer upper and includes corner lot. Priced to sell with strong investment potential.
100755,855 Example St,San Jose,4,4,350000,"Beautiful condo with granite countertops.
    Located near public transportation.
    Property is needs TLC and includes no HOA.
    Priced to sell with strong investment potential.",Beautiful condominium with granite countertops. Located near public transportation. Property is needs TLC and includes no HOA. Priced to sell with strong investment potential.
100756,856 Example St,San Francisco,3,1,850000,"Beautiful single family home with smart home system.
    Located quiet neighborhood.
    Property is recently upgraded and includes large lot.
    Priced to sell with strong investment potential.",Beautiful single family home with smart home system. Located quiet neighborhood. Property is recently upgraded and includes large lot. Priced to sell with strong investment potential.
100757,857 Example St,San Francisco,5,2,450000,"Beautiful investment property with hardwood floors.
    Located quiet neighborhood.
    Property is newly remodeled and includes no HOA.
    Priced to sell with strong investment potential.",Beautiful investment property with hardwood floors. Located quiet neighborhood. Property is newly remodeled and includes no HOA. Priced to sell with strong investment potential.
100758,858 Example St,San Francisco,2,2,950000,"Beautiful townhouse with smart home system.
    Located minutes from shopping.
    Property is newly remodeled and includes private backyard.
    Priced to sell with strong investment potential.",Beautiful townhouse with smart home system. Located minutes from shopping. Property is newly remodeled and includes private backyard. Priced to sell with strong investment potential.
100759,859 Example St,San Jose,1,3,650000,"Beautiful investment property with solar panels.
    Located walking distance to parks.
    Property is move-in ready and includes private backyard.
    Priced to sell with strong investment potential.",Beautiful investment property with solar panels. Located walking distance to parks. Property is move-in ready and includes private backyard. Priced to sell with strong investment potential.
100760,860 Example St,San Francisco,3,3,350000,"Beautiful condo with stainless steel appliances.
    Located quiet neighborhood.
    Property is recently upgraded and includes two-car garage.
    Priced to sell with strong investment potential.",Beautiful condominium with stainless steel appliances. Located quiet neighborhood. Property is recently upgraded and includes two-car garage. Priced to sell with strong investment potential.
100761,861 Example St,San Diego,2,3,350000,"Beautiful single family home with granite countertops.
    Located near public transportation.
    Property is needs TLC and includes community pool.
    Priced to sell with strong investment potential.",Beautiful single family home with granite countertops. Located near public transportation. Property is needs TLC and includes community pool. Priced to sell with strong investment potential.
100762,862 Example St,San Francisco,4,1,750000,"Beautiful duplex with stainless steel appliances.
    Located minutes from shopping.
    Property is fixer upper and includes private backyard.
    Priced to sell with strong investment potential.",Beautiful duplex with stainless steel appliances. Located minutes from shopping. Property is fixer upper and includes private backyard. Priced to sell with strong investment potential.
100763,863 Example St,San Jose,3,4,450000,"Beautiful single family home with walk-in closet.
    Located close to schools.
    Property is needs TLC and includes no HOA.
    Priced to sell with strong investment potential.",Beautiful single family home with walk-in closet. Located close to schools. Property is needs TLC and includes no HOA. Priced to sell with strong investment potential.
100764,864 Example St,San Jose,4,4,850000,"Beautiful duplex with open floor plan.
    Located walking distance to parks.
    Property is move-in ready and includes private backyard.
    Priced to sell with strong investment potential.",Beautiful duplex with open floor plan. Located walking distance to parks. Property is move-in ready and includes private backyard. Priced to sell with strong investment potential.
100765,865 Example St,San Diego,4,3,650000,"Beautiful townhouse with solar panels.
    Located near downtown.
    Property is fully renovated and includes two-car garage.
    Priced to sell with strong investment potential.",Beautiful townhouse with solar panels. Located near downtown. Property is fully renovated and includes two-car garage. Priced to sell with strong investment potential.
100766,866 Example St,San Jose,5,1,450000,"Beautiful condo with solar panels.
    Located close to schools.
    Property is fully renovated and includes community pool.
    Priced to sell with strong investment potential.",Beautiful condominium with solar panels. Located close to schools. Property is fully renovated and includes community pool. Priced to sell with strong investment potential.
100767,867 Example St,San Diego,2,1,450000,"Beautiful condo with vaulted ceilings.
    Located near public transportation.
    Property is recently upgraded and includes private backyard.
    Priced to sell with strong investment potential.",Beautiful condominium with vaulted ceilings. Located near public transportation. Property is recently upgraded and includes private backyard. Priced to sell with strong investment potential.
100768,868 Example St,San Diego,2,3,750000,"Beautiful townhouse with vaulted ceilings.
    Located walking distance to parks.
    Property is recently upgraded and includes large lot.
    Priced to sell with strong investment potential.",Beautiful townhouse with vaulted ceilings. Located walking distance to parks. Property is recently upgraded and includes large lot. Priced to sell with strong investment potential.
100769,869 Example St,San Jose,5,4,650000,"Beautiful townhouse with smart home system.
    Located close to schools.
    Property is move-in ready and includes community pool.
    Priced to sell with strong investment potential.",Beautiful townhouse with smart home system. Located close to schools. Property is move-in ready and includes community pool. Priced to sell with strong investment potential.
100770,870 Example St,San Jose,2,1,950000,"Beautiful investment property with smart home system.
    Located near public transportation.
    Property is fully renovated and includes no HOA.
    Priced to sell with strong investment potential.",Beautiful investment property with smart home system. Located near public transportation. Property is fully renovated and includes no HOA. Priced to sell with strong investment potential.
100771,871 Example St,San Jose,2,2,450000,"Beautiful townhouse with solar panels.
    Located near downtown.
    Property is newly remodeled and includes large lot.
    Priced to sell with strong investment potential.",Beautiful townhouse with solar panels. Located near downtown. Property is newly remodeled and includes large lot. Priced to sell with strong investment potential.
100772,872 Example St,Los Angeles,2,2,350000,"Beautiful investment property with hardwood floors.
    Located walking distance to parks.
    Property is move-in ready and includes large lot.
    Priced to sell with strong investment potential.",Beautiful investment property with hardwood floors. Located walking distance to parks. Property is move-in ready and includes large lot. Priced to sell with strong investment potential.
100773,873 Example St,Los Angeles,3,2,450000,"Beautiful condo with vaulted ceilings.
    Located near downtown.
    Property is newly remodeled and includes no HOA.
    Priced to sell with strong investment potential.",Beautiful condominium with vaulted ceilings. Located near downtown. Property is newly remodeled and includes no HOA. Priced to sell with strong investment potential.
100774,874 Example St,San Jose,5,1,450000,"Beautiful townhouse with solar panels.
    Located minutes from shopping.
    Property is fully renovated and includes private backyard.
    Priced to sell with strong investment potential.",Beautiful townhouse with solar panels. Located minutes from shopping. Property is fully renovated and includes private backyard. Priced to sell with strong investment potential.
100775,875 Example St,Los Angeles,4,3,950000,"Beautiful duplex with open floor plan.
    Located gated community.
    Property is move-in ready and includes large lot.
    Priced to sell with strong investment potential.",Beautiful duplex with open floor plan. Located gated community. Property is move-in ready and includes large lot. Priced to sell with strong investment potential.
100776,876 Example St,San Francisco,5,3,350000,"Beautiful townhouse with stainless steel appliances.
    Located near downtown.
    Property is recently upgraded and includes private backyard.
    Priced to sell with strong investment potential.",Beautiful townhouse with stainless steel appliances. Located near downtown. Property is recently upgraded and includes private backyard. Priced to sell with strong investment potential.
100777,877 Example St,Los Angeles,2,1,550000,"Beautiful investment property with open floor plan.
    Located near public transportation.
    Property is needs TLC and includes two-car garage.
    Priced to sell with strong investment potential.",Beautiful investment property with open floor plan. Located near public transportation. Property is needs TLC and includes two-car garage. Priced to sell with strong investment potential.
100778,878 Example St,Los Angeles,5,2,450000,"Beautiful single family home with smart home system.
    Located walking distance to parks.
    Property is fixer upper and includes community pool.
    Priced to sell with strong investment potential.",Beautiful single family home with smart home system. Located walking distance to parks. Property is fixer upper and includes community pool. Priced to sell with strong investment potential.
100779,879 Example St,Los Angeles,2,2,850000,"Beautiful investment property with open floor plan.
    Located near public transportation.
    Property is move-in ready and includes no HOA.
    Priced to sell with strong investment potential.",Beautiful investment property with open floor plan. Located near public transportation. Property is move-in ready and includes no HOA. Priced to sell with strong investment potential.
100780,880 Example St,Los Angeles,5,3,650000,"Beautiful duplex with granite countertops.
    Located near downtown.
    Property is fixer upper and includes community pool.
    Priced to sell with strong investment potential.",Beautiful duplex with granite countertops. Located near downtown. Property is fixer upper and includes community pool. Priced to sell with strong investment potential.
100781,881 Example St,San Diego,1,1,950000,"Beautiful duplex with granite countertops.
    Located near downtown.
    Property is newly remodeled and includes two-car garage.
    Priced to sell with strong investment potential.",Beautiful duplex with granite countertops. Located near downtown. Property is newly remodeled and includes two-car garage. Priced to sell with strong investment potential.
100782,882 Example St,San Jose,4,1,450000,"Beautiful single family home with smart home system.
    Located quiet neighborhood.
    Property is recently upgraded and includes private backyard.
    Priced to sell with strong investment potential.",Beautiful single family home with smart home system. Located quiet neighborhood. Property is recently upgraded and includes private backyard. Priced to sell with strong investment potential.
100783,883 Example St,San Francisco,5,2,450000,"Beautiful townhouse with walk-in closet.
    Located gated community.
    Property is move-in ready and includes two-car garage.
    Priced to sell with strong investment potential.",Beautiful townhouse with walk-in closet. Located gated community. Property is move-in ready and includes two-car garage. Priced to sell with strong investment potential.
100784,884 Example St,San Diego,5,3,950000,"Beautiful condo with solar panels.
    Located walking distance to parks.
    Property is move-in ready and includes two-car garage.
    Priced to sell with strong investment potential.",Beautiful condominium with solar panels. Located walking distance to parks. Property is move-in ready and includes two-car garage. Priced to sell with strong investment potential.
100785,885 Example St,San Jose,3,4,950000,"Beautiful investment property with open floor plan.
    Located gated community.
    Property is recently upgraded and includes low HOA fees.
    Priced to sell with strong investment potential.",Beautiful investment property with open floor plan. Located gated community. Property is recently upgraded and includes low home owners association fees. Priced to sell with strong investment potential.
100786,886 Example St,San Jose,3,3,550000,"Beautiful single family home with smart home system.
    Located quiet neighborhood.
    Property is needs TLC and includes no HOA.
    Priced to sell with strong investment potential.",Beautiful single family home with smart home system. Located quiet neighborhood. Property is needs TLC and includes no HOA. Priced to sell with strong investment potential.
100787,887 Example St,Los Angeles,1,4,450000,"Beautiful townhouse with smart home system.
    Located near public transportation.
    Property is recently upgraded and includes private backyard.
    Priced to sell with strong investment potential.",Beautiful townhouse with smart home system. Located near public transportation. Property is recently upgraded and includes private backyard. Priced to sell with strong investment potential.
100788,888 Example St,San Francisco,1,3,650000,"Beautiful single family home with solar panels.
    Located close to schools.
    Property is needs TLC and includes community pool.
    Priced to sell with strong investment potential.",Beautiful single family home with solar panels. Located close to schools. Property is needs TLC and includes community pool. Priced to sell with strong investment potential.
100789,889 Example St,San Francisco,1,3,650000,"Beautiful townhouse with hardwood floors.
    Located near public transportation.
    Property is newly remodeled and includes corner lot.
    Priced to sell with strong investment potential.",Beautiful townhouse with hardwood floors. Located near public transportation. Property is newly remodeled and includes corner lot. Priced to sell with strong investment potential.
100790,890 Example St,San Diego,1,1,550000,"Beautiful condo with smart home system.
    Located near downtown.
    Property is fixer upper and includes large lot.
    Priced to sell with strong investment potential.",Beautiful condominium with smart home system. Located near downtown. Property is fixer upper and includes large lot. Priced to sell with strong investment potential.
100791,891 Example St,Los Angeles,3,1,850000,"Beautiful duplex with vaulted ceilings.
    Located quiet neighborhood.
    Property is recently upgraded and includes no HOA.
    Priced to sell with strong investment potential.",Beautiful duplex with vaulted ceilings. Located quiet neighborhood. Property is recently upgraded and includes no HOA. Priced to sell with strong investment potential.
100792,892 Example St,San Jose,2,1,450000,"Beautiful condo with vaulted ceilings.
    Located walking distance to parks.
    Property is newly remodeled and includes corner lot.
    Priced to sell with strong investment potential.",Beautiful condominium with vaulted ceilings. Located walking distance to parks. Property is newly remodeled and includes corner lot. Priced to sell with strong investment potential.
100793,893 Example St,San Francisco,1,1,550000,"Beautiful single family home with solar panels.
    Located quiet neighborhood.
    Property is fully renovated and includes private backyard.
    Priced to sell with strong investment potential.",Beautiful single family home with solar panels. Located quiet neighborhood. Property is fully renovated and includes private backyard. Priced to sell with strong investment potential.
100794,894 Example St,San Diego,3,1,450000,"Beautiful condo with stainless steel appliances.
    Located near public transportation.
    Property is fixer upper and includes two-car garage.
    Priced to sell with strong investment potential.",Beautiful condominium with stainless steel appliances. Located near public transportation. Property is fixer upper and includes two-car garage. Priced to sell with strong investment potential.
100795,895 Example St,San Diego,1,1,650000,"Beautiful single family home with granite countertops.
    Located gated community.
    Property is fully renovated and includes corner lot.
    Priced to sell with strong investment potential.",Beautiful single family home with granite countertops. Located gated community. Property is fully renovated and includes corner lot. Priced to sell with strong investment potential.
100796,896 Example St,San Jose,5,4,950000,"Beautiful townhouse with hardwood floors.
    Located walking distance to parks.
    Property is move-in ready and includes community pool.
    Priced to sell with strong investment potential.",Beautiful townhouse with hardwood floors. Located walking distance to parks. Property is move-in ready and includes community pool. Priced to sell with strong investment potential.
100797,897 Example St,San Diego,4,1,550000,"Beautiful investment property with walk-in closet.
    Located walking distance to parks.
    Property is move-in ready and includes no HOA.
    Priced to sell with strong investment potential.",Beautiful investment property with walk-in closet. Located walking distance to parks. Property is move-in ready and includes no HOA. Priced to sell with strong investment potential.
100798,898 Example St,San Diego,5,2,650000,"Beautiful investment property with open floor plan.
    Located walking distance to parks.
    Property is fully renovated and includes large lot.
    Priced to sell with strong investment potential.",Beautiful investment property with open floor plan. Located walking distance to parks. Property is fully renovated and includes large lot. Priced to sell with strong investment potential.
100799,899 Example St,San Jose,5,1,650000,"Beautiful condo with vaulted ceilings.
    Located near public transportation.
    Property is recently upgraded and includes two-car garage.
    Priced to sell with strong investment potential.",Beautiful condominium with vaulted ceilings. Located near public transportation. Property is recently upgraded and includes two-car garage. Priced to sell with strong investment potential.
100800,900 Example St,San Francisco,3,3,950000,"Beautiful townhouse with hardwood floors.
    Located near downtown.
    Property is move-in ready and includes no HOA.
    Priced to sell with strong investment potential.",Beautiful townhouse with hardwood floors. Located near downtown. Property is move-in ready and includes no HOA. Priced to sell with strong investment potential.
100801,901 Example St,San Francisco,4,2,350000,"Beautiful investment property with granite countertops.
    Located gated community.
    Property is fixer upper and includes large lot.
    Priced to sell with strong investment potential.",Beautiful investment property with granite countertops. Located gated community. Property is fixer upper and includes large lot. Priced to sell with strong investment potential.
100802,902 Example St,San Jose,5,2,950000,"Beautiful townhouse with walk-in closet.
    Located walking distance to parks.
    Property is newly remodeled and includes two-car garage.
    Priced to sell with strong investment potential.",Beautiful townhouse with walk-in closet. Located walking distance to parks. Property is newly remodeled and includes two-car garage. Priced to sell with strong investment potential.
100803,903 Example St,San Francisco,3,1,350000,"Beautiful townhouse with smart home system.
    Located near public transportation.
    Property is move-in ready and includes private backyard.
    Priced to sell with strong investment potential.",Beautiful townhouse with smart home system. Located near public transportation. Property is move-in ready and includes private backyard. Priced to sell with strong investment potential.
100804,904 Example St,San Diego,4,4,950000,"Beautiful investment property with solar panels.
    Located minutes from shopping.
    Property is needs TLC and includes private backyard.
    Priced to sell with strong investment potential.",Beautiful investment property with solar panels. Located minutes from shopping. Property is needs TLC and includes private backyard. Priced to sell with strong investment potential.
100805,905 Example St,San Jose,2,4,750000,"Beautiful duplex with vaulted ceilings.
    Located gated community.
    Property is fully renovated and includes two-car garage.
    Priced to sell with strong investment potential.",Beautiful duplex with vaulted ceilings. Located gated community. Property is fully renovated and includes two-car garage. Priced to sell with strong investment potential.
100806,906 Example St,San Jose,3,2,650000,"Beautiful single family home with smart home system.
    Located walking distance to parks.
    Property is newly remodeled and includes large lot.
    Priced to sell with strong investment potential.",Beautiful single family home with smart home system. Located walking distance to parks. Property is newly remodeled and includes large lot. Priced to sell with strong investment potential.
100807,907 Example St,San Jose,2,1,450000,"Beautiful single family home with hardwood floors.
    Located close to schools.
    Property is fixer upper and includes low HOA fees.
    Priced to sell with strong investment potential.",Beautiful single family home with hardwood floors. Located close to schools. Property is fixer upper and includes low home owners association fees. Priced to sell with strong investment potential.
100808,908 Example St,San Diego,1,2,450000,"Beautiful investment property with stainless steel appliances.
    Located walking distance to parks.
    Property is needs TLC and includes low HOA fees.
    Priced to sell with strong investment potential.",Beautiful investment property with stainless steel appliances. Located walking distance to parks. Property is needs TLC and includes low home owners association fees. Priced to sell with strong investment potential.
100809,909 Example St,San Jose,5,2,750000,"Beautiful investment property with vaulted ceilings.
    Located walking distance to parks.
    Property is needs TLC and includes two-car garage.
    Priced to sell with strong investment potential.",Beautiful investment property with vaulted ceilings. Located walking distance to parks. Property is needs TLC and includes two-car garage. Priced to sell with strong investment potential.
100810,910 Example St,San Francisco,1,2,750000,"Beautiful investment property with granite countertops.
    Located walking distance to parks.
    Property is move-in ready and includes community pool.
    Priced to sell with strong investment potential.",Beautiful investment property with granite countertops. Located walking distance to parks. Property is move-in ready and includes community pool. Priced to sell with strong investment potential.
100811,911 Example St,San Diego,5,3,950000,"Beautiful single family home with hardwood floors.
    Located walking distance to parks.
    Property is newly remodeled and includes private backyard.
    Priced to sell with strong investment potential.",Beautiful single family home with hardwood floors. Located walking distance to parks. Property is newly remodeled and includes private backyard. Priced to sell with strong investment potential.
100812,912 Example St,San Francisco,3,1,350000,"Beautiful condo with granite countertops.
    Located close to schools.
    Property is needs TLC and includes community pool.
    Priced to sell with strong investment potential.",Beautiful condominium with granite countertops. Located close to schools. Property is needs TLC and includes community pool. Priced to sell with strong investment potential.
100813,913 Example St,San Francisco,4,3,550000,"Beautiful condo with smart home system.
    Located quiet neighborhood.
    Property is recently upgraded and includes no HOA.
    Priced to sell with strong investment potential.",Beautiful condominium with smart home system. Located quiet neighborhood. Property is recently upgraded and includes no HOA. Priced to sell with strong investment potential.
100814,914 Example St,San Francisco,5,2,450000,"Beautiful townhouse with solar panels.
    Located near downtown.
    Property is newly remodeled and includes corner lot.
    Priced to sell with strong investment potential.",Beautiful townhouse with solar panels. Located near downtown. Property is newly remodeled and includes corner lot. Priced to sell with strong investment potential.
100815,915 Example St,San Francisco,4,3,550000,"Beautiful condo with walk-in closet.
    Located minutes from shopping.
    Property is newly remodeled and includes corner lot.
    Priced to sell with strong investment potential.",Beautiful condominium with walk-in closet. Located minutes from shopping. Property is newly remodeled and includes corner lot. Priced to sell with strong investment potential.
100816,916 Example St,San Diego,1,4,750000,"Beautiful investment property with smart home system.
    Located minutes from shopping.
    Property is fully renovated and includes private backyard.
    Priced to sell with strong investment potential.",Beautiful investment property with smart home system. Located minutes from shopping. Property is fully renovated and includes private backyard. Priced to sell with strong investment potential.
100817,917 Example St,San Jose,3,3,850000,"Beautiful duplex with solar panels.
    Located close to schools.
    Property is needs TLC and includes low HOA fees.
    Priced to sell with strong investment potential.",Beautiful duplex with solar panels. Located close to schools. Property is needs TLC and includes low home owners association fees. Priced to sell with strong investment potential.
100818,918 Example St,San Diego,1,2,950000,"Beautiful single family home with walk-in closet.
    Located near public transportation.
    Property is fixer upper and includes two-car garage.
    Priced to sell with strong investment potential.",Beautiful single family home with walk-in closet. Located near public transportation. Property is fixer upper and includes two-car garage. Priced to sell with strong investment potential.
100819,919 Example St,San Jose,3,2,950000,"Beautiful condo with hardwood floors.
    Located close to schools.
    Property is fully renovated and includes corner lot.
    Priced to sell with strong investment potential.",Beautiful condominium with hardwood floors. Located close to schools. Property is fully renovated and includes corner lot. Priced to sell with strong investment potential.
100820,920 Example St,Los Angeles,4,3,850000,"Beautiful duplex with stainless steel appliances.
    Located gated community.
    Property is fully renovated and includes two-car garage.
    Priced to sell with strong investment potential.",Beautiful duplex with stainless steel appliances. Located gated community. Property is fully renovated and includes two-car garage. Priced to sell with strong investment potential.
100821,921 Example St,Los Angeles,1,2,550000,"Beautiful investment property with open floor plan.
    Located quiet neighborhood.
    Property is move-in ready and includes two-car garage.
    Priced to sell with strong investment potential.",Beautiful investment property with open floor plan. Located quiet neighborhood. Property is move-in ready and includes two-car garage. Priced to sell with strong investment potential.
100822,922 Example St,Los Angeles,4,1,350000,"Beautiful investment property with vaulted ceilings.
    Located close to schools.
    Property is needs TLC and includes corner lot.
    Priced to sell with strong investment potential.",Beautiful investment property with vaulted ceilings. Located close to schools. Property is needs TLC and includes corner lot. Priced to sell with strong investment potential.
100823,923 Example St,Los Angeles,1,3,850000,"Beautiful investment property with hardwood floors.
    Located close to schools.
    Property is fixer upper and includes private backyard.
    Priced to sell with strong investment potential.",Beautiful investment property with hardwood floors. Located close to schools. Property is fixer upper and includes private backyard. Priced to sell with strong investment potential.
100824,924 Example St,Los Angeles,2,4,650000,"Beautiful duplex with walk-in closet.
    Located minutes from shopping.
    Property is fixer upper and includes corner lot.
    Priced to sell with strong investment potential.",Beautiful duplex with walk-in closet. Located minutes from shopping. Property is fixer upper and includes corner lot. Priced to sell with strong investment potential.
100825,925 Example St,San Diego,1,1,450000,"Beautiful duplex with solar panels.
    Located quiet neighborhood.
    Property is move-in ready and includes corner lot.
    Priced to sell with strong investment potential.",Beautiful duplex with solar panels. Located quiet neighborhood. Property is move-in ready and includes corner lot. Priced to sell with strong investment potential.
100826,926 Example St,Los Angeles,1,4,550000,"Beautiful investment property with vaulted ceilings.
    Located walking distance to parks.
    Property is fully renovated and includes community pool.
    Priced to sell with strong investment potential.",Beautiful investment property with vaulted ceilings. Located walking distance to parks. Property is fully renovated and includes community pool. Priced to sell with strong investment potential.
100827,927 Example St,Los Angeles,5,3,450000,"Beautiful condo with hardwood floors.
    Located close to schools.
    Property is fixer upper and includes two-car garage.
    Priced to sell with strong investment potential.",Beautiful condominium with hardwood floors. Located close to schools. Property is fixer upper and includes two-car garage. Priced to sell with strong investment potential.
100828,928 Example St,San Jose,2,1,950000,"Beautiful investment property with smart home system.
    Located quiet neighborhood.
    Property is recently upgraded and includes corner lot.
    Priced to sell with strong investment potential.",Beautiful investment property with smart home system. Located quiet neighborhood. Property is recently upgraded and includes corner lot. Priced to sell with strong investment potential.
100829,929 Example St,San Francisco,4,2,950000,"Beautiful duplex with smart home system.
    Located walking distance to parks.
    Property is fully renovated and includes corner lot.
    Priced to sell with strong investment potential.",Beautiful duplex with smart home system. Located walking distance to parks. Property is fully renovated and includes corner lot. Priced to sell with strong investment potential.
100830,930 Example St,Los Angeles,1,3,550000,"Beautiful single family home with smart home system.
    Located near downtown.
    Property is fully renovated and includes no HOA.
    Priced to sell with strong investment potential.",Beautiful single family home with smart home system. Located near downtown. Property is fully renovated and includes no HOA. Priced to sell with strong investment potential.
100831,931 Example St,San Jose,2,2,450000,"Beautiful townhouse with smart home system.
    Located minutes from shopping.
    Property is fully renovated and includes no HOA.
    Priced to sell with strong investment potential.",Beautiful townhouse with smart home system. Located minutes from shopping. Property is fully renovated and includes no HOA. Priced to sell with strong investment potential.
100832,932 Example St,San Jose,4,4,750000,"Beautiful duplex with walk-in closet.
    Located gated community.
    Property is fully renovated and includes two-car garage.
    Priced to sell with strong investment potential.",Beautiful duplex with walk-in closet. Located gated community. Property is fully renovated and includes two-car garage. Priced to sell with strong investment potential.
100833,933 Example St,Los Angeles,1,1,750000,"Beautiful duplex with smart home system.
    Located near downtown.
    Property is recently upgraded and includes corner lot.
    Priced to sell with strong investment potential.",Beautiful duplex with smart home system. Located near downtown. Property is recently upgraded and includes corner lot. Priced to sell with strong investment potential.
100834,934 Example St,San Jose,1,3,550000,"Beautiful investment property with solar panels.
    Located walking distance to parks.
    Property is fully renovated and includes low HOA fees.
    Priced to sell with strong investment potential.",Beautiful investment property with solar panels. Located walking distance to parks. Property is fully renovated and includes low home owners association fees. Priced to sell with strong investment potential.
100835,935 Example St,San Jose,3,2,750000,"Beautiful townhouse with hardwood floors.
    Located near downtown.
    Property is fully renovated and includes no HOA.
    Priced to sell with strong investment potential.",Beautiful townhouse with hardwood floors. Located near downtown. Property is fully renovated and includes no HOA. Priced to sell with strong investment potential.
100836,936 Example St,San Diego,1,3,550000,"Beautiful single family home with walk-in closet.
    Located near downtown.
    Property is needs TLC and includes no HOA.
    Priced to sell with strong investment potential.",Beautiful single family home with walk-in closet. Located near downtown. Property is needs TLC and includes no HOA. Priced to sell with strong investment potential.
100837,937 Example St,San Diego,1,1,450000,"Beautiful townhouse with walk-in closet.
    Located quiet neighborhood.
    Property is recently upgraded and includes corner lot.
    Priced to sell with strong investment potential.",Beautiful townhouse with walk-in closet. Located quiet neighborhood. Property is recently upgraded and includes corner lot. Priced to sell with strong investment potential.
100838,938 Example St,San Diego,4,4,650000,"Beautiful investment property with hardwood floors.
    Located walking distance to parks.
    Property is move-in ready and includes low HOA fees.
    Priced to sell with strong investment potential.",Beautiful investment property with hardwood floors. Located walking distance to parks. Property is move-in ready and includes low home owners association fees. Priced to sell with strong investment potential.
100839,939 Example St,Los Angeles,5,2,450000,"Beautiful single family home with open floor plan.
    Located near public transportation.
    Property is recently upgraded and includes corner lot.
    Priced to sell with strong investment potential.",Beautiful single family home with open floor plan. Located near public transportation. Property is recently upgraded and includes corner lot. Priced to sell with strong investment potential.
100840,940 Example St,Los Angeles,4,1,550000,"Beautiful condo with granite countertops.
    Located gated community.
    Property is needs TLC and includes two-car garage.
    Priced to sell with strong investment potential.",Beautiful condominium with granite countertops. Located gated community. Property is needs TLC and includes two-car garage. Priced to sell with strong investment potential.
100841,941 Example St,San Diego,2,3,650000,"Beautiful duplex with hardwood floors.
    Located near downtown.
    Property is recently upgraded and includes community pool.
    Priced to sell with strong investment potential.",Beautiful duplex with hardwood floors. Located near downtown. Property is recently upgraded and includes community pool. Priced to sell with strong investment potential.
100842,942 Example St,San Jose,3,4,550000,"Beautiful investment property with open floor plan.
    Located minutes from shopping.
    Property is fixer upper and includes private backyard.
    Priced to sell with strong investment potential.",Beautiful investment property with open floor plan. Located minutes from shopping. Property is fixer upper and includes private backyard. Priced to sell with strong investment potential.
100843,943 Example St,Los Angeles,1,3,650000,"Beautiful single family home with stainless steel appliances.
    Located quiet neighborhood.
    Property is recently upgraded and includes large lot.
    Priced to sell with strong investment potential.",Beautiful single family home with stainless steel appliances. Located quiet neighborhood. Property is recently upgraded and includes large lot. Priced to sell with strong investment potential.
100844,944 Example St,San Jose,5,2,350000,"Beautiful investment property with hardwood floors.
    Located close to schools.
    Property is needs TLC and includes community pool.
    Priced to sell with strong investment potential.",Beautiful investment property with hardwood floors. Located close to schools. Property is needs TLC and includes community pool. Priced to sell with strong investment potential.
100845,945 Example St,San Jose,5,3,550000,"Beautiful townhouse with walk-in closet.
    Located near downtown.
    Property is move-in ready and includes no HOA.
    Priced to sell with strong investment potential.",Beautiful townhouse with walk-in closet. Located near downtown. Property is move-in ready and includes no HOA. Priced to sell with strong investment potential.
100846,946 Example St,San Jose,5,3,350000,"Beautiful duplex with vaulted ceilings.
    Located near downtown.
    Property is fixer upper and includes private backyard.
    Priced to sell with strong investment potential.",Beautiful duplex with vaulted ceilings. Located near downtown. Property is fixer upper and includes private backyard. Priced to sell with strong investment potential.
100847,947 Example St,San Jose,4,1,950000,"Beautiful townhouse with walk-in closet.
    Located minutes from shopping.
    Property is needs TLC and includes corner lot.
    Priced to sell with strong investment potential.",Beautiful townhouse with walk-in closet. Located minutes from shopping. Property is needs TLC and includes corner lot. Priced to sell with strong investment potential.
100848,948 Example St,San Diego,4,4,550000,"Beautiful condo with smart home system.
    Located gated community.
    Property is fixer upper and includes corner lot.
    Priced to sell with strong investment potential.",Beautiful condominium with smart home system. Located gated community. Property is fixer upper and includes corner lot. Priced to sell with strong investment potential.
100849,949 Example St,San Francisco,4,3,450000,"Beautiful townhouse with open floor plan.
    Located quiet neighborhood.
    Property is fixer upper and includes two-car garage.
    Priced to sell with strong investment potential.",Beautiful townhouse with open floor plan. Located quiet neighborhood. Property is fixer upper and includes two-car garage. Priced to sell with strong investment potential.
100850,950 Example St,San Francisco,2,1,750000,"Beautiful investment property with smart home system.
    Located walking distance to parks.
    Property is newly remodeled and includes community pool.
    Priced to sell with strong investment potential.",Beautiful investment property with smart home system. Located walking distance to parks. Property is newly remodeled and includes community pool. Priced to sell with strong investment potential.
100851,951 Example St,San Diego,2,2,750000,"Beautiful condo with solar panels.
    Located quiet neighborhood.
    Property is needs TLC and includes large lot.
    Priced to sell with strong investment potential.",Beautiful condominium with solar panels. Located quiet neighborhood. Property is needs TLC and includes large lot. Priced to sell with strong investment potential.
100852,952 Example St,San Diego,5,1,750000,"Beautiful duplex with smart home system.
    Located near downtown.
    Property is move-in ready and includes community pool.
    Priced to sell with strong investment potential.",Beautiful duplex with smart home system. Located near downtown. Property is move-in ready and includes community pool. Priced to sell with strong investment potential.
100853,953 Example St,San Diego,4,4,550000,"Beautiful duplex with granite countertops.
    Located gated community.
    Property is move-in ready and includes community pool.
    Priced to sell with strong investment potential.",Beautiful duplex with granite countertops. Located gated community. Property is move-in ready and includes community pool. Priced to sell with strong investment potential.
100854,954 Example St,San Diego,2,4,950000,"Beautiful investment property with smart home system.
    Located walking distance to parks.
    Property is fixer upper and includes corner lot.
    Priced to sell with strong investment potential.",Beautiful investment property with smart home system. Located walking distance to parks. Property is fixer upper and includes corner lot. Priced to sell with strong investment potential.
100855,955 Example St,Los Angeles,4,3,650000,"Beautiful townhouse with open floor plan.
    Located near public transportation.
    Property is fixer upper and includes no HOA.
    Priced to sell with strong investment potential.",Beautiful townhouse with open floor plan. Located near public transportation. Property is fixer upper and includes no HOA. Priced to sell with strong investment potential.
100856,956 Example St,San Jose,1,4,650000,"Beautiful townhouse with solar panels.
    Located minutes from shopping.
    Property is needs TLC and includes two-car garage.
    Priced to sell with strong investment potential.",Beautiful townhouse with solar panels. Located minutes from shopping. Property is needs TLC and includes two-car garage. Priced to sell with strong investment potential.
100857,957 Example St,San Jose,2,2,350000,"Beautiful townhouse with solar panels.
    Located minutes from shopping.
    Property is needs TLC and includes community pool.
    Priced to sell with strong investment potential.",Beautiful townhouse with solar panels. Located minutes from shopping. Property is needs TLC and includes community pool. Priced to sell with strong investment potential.
100858,958 Example St,San Francisco,2,4,550000,"Beautiful townhouse with walk-in closet.
    Located quiet neighborhood.
    Property is fully renovated and includes large lot.
    Priced to sell with strong investment potential.",Beautiful townhouse with walk-in closet. Located quiet neighborhood. Property is fully renovated and includes large lot. Priced to sell with strong investment potential.
100859,959 Example St,San Francisco,4,4,750000,"Beautiful single family home with open floor plan.
    Located near public transportation.
    Property is fully renovated and includes large lot.
    Priced to sell with strong investment potential.",Beautiful single family home with open floor plan. Located near public transportation. Property is fully renovated and includes large lot. Priced to sell with strong investment potential.
100860,960 Example St,Los Angeles,5,1,650000,"Beautiful townhouse with granite countertops.
    Located minutes from shopping.
    Property is needs TLC and includes low HOA fees.
    Priced to sell with strong investment potential.",Beautiful townhouse with granite countertops. Located minutes from shopping. Property is needs TLC and includes low home owners association fees. Priced to sell with strong investment potential.
100861,961 Example St,Los Angeles,3,3,750000,"Beautiful investment property with solar panels.
    Located minutes from shopping.
    Property is fixer upper and includes corner lot.
    Priced to sell with strong investment potential.",Beautiful investment property with solar panels. Located minutes from shopping. Property is fixer upper and includes corner lot. Priced to sell with strong investment potential.
100862,962 Example St,San Diego,5,1,750000,"Beautiful townhouse with walk-in closet.
    Located minutes from shopping.
    Property is fully renovated and includes corner lot.
    Priced to sell with strong investment potential.",Beautiful townhouse with walk-in closet. Located minutes from shopping. Property is fully renovated and includes corner lot. Priced to sell with strong investment potential.
100863,963 Example St,Los Angeles,5,4,350000,"Beautiful townhouse with open floor plan.
    Located gated community.
    Property is fully renovated and includes two-car garage.
    Priced to sell with strong investment potential.",Beautiful townhouse with open floor plan. Located gated community. Property is fully renovated and includes two-car garage. Priced to sell with strong investment potential.
100864,964 Example St,San Francisco,2,2,850000,"Beautiful single family home with smart home system.
    Located near public transportation.
    Property is needs TLC and includes low HOA fees.
    Priced to sell with strong investment potential.",Beautiful single family home with smart home system. Located near public transportation. Property is needs TLC and includes low home owners association fees. Priced to sell with strong investment potential.
100865,965 Example St,Los Angeles,2,4,450000,"Beautiful investment property with stainless steel appliances.
    Located near downtown.
    Property is fully renovated and includes community pool.
    Priced to sell with strong investment potential.",Beautiful investment property with stainless steel appliances. Located near downtown. Property is fully renovated and includes community pool. Priced to sell with strong investment potential.
100866,966 Example St,San Francisco,2,4,350000,"Beautiful townhouse with smart home system.
    Located near public transportation.
    Property is recently upgraded and includes private backyard.
    Priced to sell with strong investment potential.",Beautiful townhouse with smart home system. Located near public transportation. Property is recently upgraded and includes private backyard. Priced to sell with strong investment potential.
100867,967 Example St,Los Angeles,5,4,950000,"Beautiful duplex with hardwood floors.
    Located close to schools.
    Property is fixer upper and includes no HOA.
    Priced to sell with strong investment potential.",Beautiful duplex with hardwood floors. Located close to schools. Property is fixer upper and includes no HOA. Priced to sell with strong investment potential.
100868,968 Example St,San Francisco,3,3,750000,"Beautiful single family home with hardwood floors.
    Located quiet neighborhood.
    Property is newly remodeled and includes community pool.
    Priced to sell with strong investment potential.",Beautiful single family home with hardwood floors. Located quiet neighborhood. Property is newly remodeled and includes community pool. Priced to sell with strong investment potential.
100869,969 Example St,San Jose,5,1,650000,"Beautiful condo with granite countertops.
    Located quiet neighborhood.
    Property is fully renovated and includes two-car garage.
    Priced to sell with strong investment potential.",Beautiful condominium with granite countertops. Located quiet neighborhood. Property is fully renovated and includes two-car garage. Priced to sell with strong investment potential.
100870,970 Example St,Los Angeles,1,3,950000,"Beautiful condo with stainless steel appliances.
    Located close to schools.
    Property is needs TLC and includes large lot.
    Priced to sell with strong investment potential.",Beautiful condominium with stainless steel appliances. Located close to schools. Property is needs TLC and includes large lot. Priced to sell with strong investment potential.
100871,971 Example St,San Jose,2,4,650000,"Beautiful single family home with stainless steel appliances.
    Located quiet neighborhood.
    Property is needs TLC and includes corner lot.
    Priced to sell with strong investment potential.",Beautiful single family home with stainless steel appliances. Located quiet neighborhood. Property is needs TLC and includes corner lot. Priced to sell with strong investment potential.
100872,972 Example St,San Diego,1,2,850000,"Beautiful single family home with smart home system.
    Located quiet neighborhood.
    Property is newly remodeled and includes large lot.
    Priced to sell with strong investment potential.",Beautiful single family home with smart home system. Located quiet neighborhood. Property is newly remodeled and includes large lot. Priced to sell with strong investment potential.
100873,973 Example St,San Jose,2,1,350000,"Beautiful duplex with granite countertops.
    Located near public transportation.
    Property is fixer upper and includes low HOA fees.
    Priced to sell with strong investment potential.",Beautiful duplex with granite countertops. Located near public transportation. Property is fixer upper and includes low home owners association fees. Priced to sell with strong investment potential.
100874,974 Example St,San Diego,2,2,750000,"Beautiful condo with walk-in closet.
    Located near downtown.
    Property is newly remodeled and includes large lot.
    Priced to sell with strong investment potential.",Beautiful condominium with walk-in closet. Located near downtown. Property is newly remodeled and includes large lot. Priced to sell with strong investment potential.
100875,975 Example St,Los Angeles,4,3,450000,"Beautiful single family home with vaulted ceilings.
    Located minutes from shopping.
    Property is newly remodeled and includes no HOA.
    Priced to sell with strong investment potential.",Beautiful single family home with vaulted ceilings. Located minutes from shopping. Property is newly remodeled and includes no HOA. Priced to sell with strong investment potential.
100876,976 Example St,San Jose,3,3,450000,"Beautiful condo with walk-in closet.
    Located minutes from shopping.
    Property is recently upgraded and includes corner lot.
    Priced to sell with strong investment potential.",Beautiful condominium with walk-in closet. Located minutes from shopping. Property is recently upgraded and includes corner lot. Priced to sell with strong investment potential.
100877,977 Example St,San Francisco,3,4,850000,"Beautiful single family home with solar panels.
    Located close to schools.
    Property is needs TLC and includes two-car garage.
    Priced to sell with strong investment potential.",Beautiful single family home with solar panels. Located close to schools. Property is needs TLC and includes two-car garage. Priced to sell with strong investment potential.
100878,978 Example St,Los Angeles,1,3,650000,"Beautiful duplex with vaulted ceilings.
    Located near downtown.
    Property is fully renovated and includes two-car garage.
    Priced to sell with strong investment potential.",Beautiful duplex with vaulted ceilings. Located near downtown. Property is fully renovated and includes two-car garage. Priced to sell with strong investment potential.
100879,979 Example St,San Diego,2,1,950000,"Beautiful condo with open floor plan.
    Located close to schools.
    Property is fully renovated and includes private backyard.
    Priced to sell with strong investment potential.",Beautiful condominium with open floor plan. Located close to schools. Property is fully renovated and includes private backyard. Priced to sell with strong investment potential.
100880,980 Example St,San Diego,5,2,650000,"Beautiful single family home with vaulted ceilings.
    Located minutes from shopping.
    Property is move-in ready and includes community pool.
    Priced to sell with strong investment potential.",Beautiful single family home with vaulted ceilings. Located minutes from shopping. Property is move-in ready and includes community pool. Priced to sell with strong investment potential.
100881,981 Example St,San Francisco,1,1,550000,"Beautiful investment property with solar panels.
    Located near downtown.
    Property is needs TLC and includes no HOA.
    Priced to sell with strong investment potential.",Beautiful investment property with solar panels. Located near downtown. Property is needs TLC and includes no HOA. Priced to sell with strong investment potential.
100882,982 Example St,Los Angeles,4,2,550000,"Beautiful duplex with smart home system.
    Located quiet neighborhood.
    Property is move-in ready and includes community pool.
    Priced to sell with strong investment potential.",Beautiful duplex with smart home system. Located quiet neighborhood. Property is move-in ready and includes community pool. Priced to sell with strong investment potential.
100883,983 Example St,San Diego,3,1,750000,"Beautiful duplex with stainless steel appliances.
    Located quiet neighborhood.
    Property is move-in ready and includes large lot.
    Priced to sell with strong investment potential.",Beautiful duplex with stainless steel appliances. Located quiet neighborhood. Property is move-in ready and includes large lot. Priced to sell with strong investment potential.
100884,984 Example St,Los Angeles,5,3,350000,"Beautiful condo with solar panels.
    Located minutes from shopping.
    Property is fixer upper and includes low HOA fees.
    Priced to sell with strong investment potential.",Beautiful condominium with solar panels. Located minutes from shopping. Property is fixer upper and includes low home owners association fees. Priced to sell with strong investment potential.
100885,985 Example St,San Francisco,2,2,350000,"Beautiful condo with open floor plan.
    Located minutes from shopping.
    Property is move-in ready and includes large lot.
    Priced to sell with strong investment potential.",Beautiful condominium with open floor plan. Located minutes from shopping. Property is move-in ready and includes large lot. Priced to sell with strong investment potential.
100886,986 Example St,San Francisco,5,4,950000,"Beautiful investment property with stainless steel appliances.
    Located quiet neighborhood.
    Property is fully renovated and includes corner lot.
    Priced to sell with strong investment potential.",Beautiful investment property with stainless steel appliances. Located quiet neighborhood. Property is fully renovated and includes corner lot. Priced to sell with strong investment potential.
100887,987 Example St,San Jose,5,1,450000,"Beautiful single family home with open floor plan.
    Located near downtown.
    Property is move-in ready and includes low HOA fees.
    Priced to sell with strong investment potential.",Beautiful single family home with open floor plan. Located near downtown. Property is move-in ready and includes low home owners association fees. Priced to sell with strong investment potential.
100888,988 Example St,Los Angeles,1,4,450000,"Beautiful townhouse with stainless steel appliances.
    Located near public transportation.
    Property is newly remodeled and includes low HOA fees.
    Priced to sell with strong investment potential.",Beautiful townhouse with stainless steel appliances. Located near public transportation. Property is newly remodeled and includes low home owners association fees. Priced to sell with strong investment potential.
100889,989 Example St,Los Angeles,5,3,750000,"Beautiful townhouse with walk-in closet.
    Located near public transportation.
    Property is fully renovated and includes corner lot.
    Priced to sell with strong investment potential.",Beautiful townhouse with walk-in closet. Located near public transportation. Property is fully renovated and includes corner lot. Priced to sell with strong investment potential.
100890,990 Example St,Los Angeles,1,4,450000,"Beautiful investment property with solar panels.
    Located minutes from shopping.
    Property is move-in ready and includes no HOA.
    Priced to sell with strong investment potential.",Beautiful investment property with solar panels. Located minutes from shopping. Property is move-in ready and includes no HOA. Priced to sell with strong investment potential.
100891,991 Example St,San Jose,1,2,950000,"Beautiful condo with solar panels.
    Located quiet neighborhood.
    Property is fully renovated and includes low HOA fees.
    Priced to sell with strong investment potential.",Beautiful condominium with solar panels. Located quiet neighborhood. Property is fully renovated and includes low home owners association fees. Priced to sell with strong investment potential.
100892,992 Example St,San Diego,5,3,950000,"Beautiful townhouse with vaulted ceilings.
    Located close to schools.
    Property is needs TLC and includes low HOA fees.
    Priced to sell with strong investment potential.",Beautiful townhouse with vaulted ceilings. Located close to schools. Property is needs TLC and includes low home owners association fees. Priced to sell with strong investment potential.
100893,993 Example St,San Francisco,1,3,550000,"Beautiful condo with smart home system.
    Located quiet neighborhood.
    Property is needs TLC and includes two-car garage.
    Priced to sell with strong investment potential.",Beautiful condominium with smart home system. Located quiet neighborhood. Property is needs TLC and includes two-car garage. Priced to sell with strong investment potential.
100894,994 Example St,Los Angeles,5,4,850000,"Beautiful investment property with walk-in closet.
    Located walking distance to parks.
    Property is move-in ready and includes no HOA.
    Priced to sell with strong investment potential.",Beautiful investment property with walk-in closet. Located walking distance to parks. Property is move-in ready and includes no HOA. Priced to sell with strong investment potential.
100895,995 Example St,San Jose,1,3,950000,"Beautiful single family home with solar panels.
    Located minutes from shopping.
    Property is newly remodeled and includes low HOA fees.
    Priced to sell with strong investment potential.",Beautiful single family home with solar panels. Located minutes from shopping. Property is newly remodeled and includes low home owners association fees. Priced to sell with strong investment potential.
100896,996 Example St,San Jose,5,1,350000,"Beautiful investment property with stainless steel appliances.
    Located gated community.
    Property is newly remodeled and includes large lot.
    Priced to sell with strong investment potential.",Beautiful investment property with stainless steel appliances. Located gated community. Property is newly remodeled and includes large lot. Priced to sell with strong investment potential.
100897,997 Example St,San Diego,4,1,650000,"Beautiful condo with solar panels.
    Located close to schools.
    Property is needs TLC and includes corner lot.
    Priced to sell with strong investment potential.",Beautiful condominium with solar panels. Located close to schools. Property is needs TLC and includes corner lot. Priced to sell with strong investment potential.
100898,998 Example St,Los Angeles,4,1,350000,"Beautiful duplex with walk-in closet.
    Located quiet neighborhood.
    Property is fixer upper and includes community pool.
    Priced to sell with strong investment potential.",Beautiful duplex with walk-in closet. Located quiet neighborhood. Property is fixer upper and includes community pool. Priced to sell with strong investment potential.
100899,999 Example St,San Francisco,2,2,750000,"Beautiful investment property with hardwood floors.
    Located walking distance to parks.
    Property is recently upgraded and includes no HOA.
    Priced to sell with strong investment potential.",Beautiful investment property with hardwood floors. Located walking distance to parks. Property is recently upgraded and includes no HOA. Priced to sell with strong investment potential.
100900,1000 Example St,San Diego,4,1,850000,"Beautiful condo with walk-in closet.
    Located minutes from shopping.
    Property is needs TLC and includes no HOA.
    Priced to sell with strong investment potential.",Beautiful condominium with walk-in closet. Located minutes from shopping. Property is needs TLC and includes no HOA. Priced to sell with strong investment potential.
100901,1001 Example St,San Diego,2,4,850000,"Beautiful single family home with smart home system.
    Located near downtown.
    Property is recently upgraded and includes no HOA.
    Priced to sell with strong investment potential.",Beautiful single family home with smart home system. Located near downtown. Property is recently upgraded and includes no HOA. Priced to sell with strong investment potential.
100902,1002 Example St,Los Angeles,4,1,450000,"Beautiful townhouse with walk-in closet.
    Located quiet neighborhood.
    Property is recently upgraded and includes community pool.
    Priced to sell with strong investment potential.",Beautiful townhouse with walk-in closet. Located quiet neighborhood. Property is recently upgraded and includes community pool. Priced to sell with strong investment potential.
100903,1003 Example St,Los Angeles,5,4,950000,"Beautiful investment property with walk-in closet.
    Located quiet neighborhood.
    Property is newly remodeled and includes private backyard.
    Priced to sell with strong investment potential.",Beautiful investment property with walk-in closet. Located quiet neighborhood. Property is newly remodeled and includes private backyard. Priced to sell with strong investment potential.
100904,1004 Example St,San Jose,4,2,650000,"Beautiful investment property with open floor plan.
    Located near public transportation.
    Property is fully renovated and includes no HOA.
    Priced to sell with strong investment potential.",Beautiful investment property with open floor plan. Located near public transportation. Property is fully renovated and includes no HOA. Priced to sell with strong investment potential.
100905,1005 Example St,San Diego,1,4,950000,"Beautiful duplex with open floor plan.
    Located quiet neighborhood.
    Property is move-in ready and includes no HOA.
    Priced to sell with strong investment potential.",Beautiful duplex with open floor plan. Located quiet neighborhood. Property is move-in ready and includes no HOA. Priced to sell with strong investment potential.
100906,1006 Example St,San Diego,3,4,650000,"Beautiful duplex with walk-in closet.
    Located gated community.
    Property is recently upgraded and includes low HOA fees.
    Priced to sell with strong investment potential.",Beautiful duplex with walk-in closet. Located gated community. Property is recently upgraded and includes low home owners association fees. Priced to sell with strong investment potential.
100907,1007 Example St,Los Angeles,2,2,450000,"Beautiful townhouse with smart home system.
    Located close to schools.
    Property is recently upgraded and includes no HOA.
    Priced to sell with strong investment potential.",Beautiful townhouse with smart home system. Located close to schools. Property is recently upgraded and includes no HOA. Priced to sell with strong investment potential.
100908,1008 Example St,San Diego,5,3,450000,"Beautiful condo with open floor plan.
    Located near downtown.
    Property is needs TLC and includes two-car garage.
    Priced to sell with strong investment potential.",Beautiful condominium with open floor plan. Located near downtown. Property is needs TLC and includes two-car garage. Priced to sell with strong investment potential.
100909,1009 Example St,Los Angeles,1,1,450000,"Beautiful investment property with solar panels.
    Located near public transportation.
    Property is newly remodeled and includes low HOA fees.
    Priced to sell with strong investment potential.",Beautiful investment property with solar panels. Located near public transportation. Property is newly remodeled and includes low home owners association fees. Priced to sell with strong investment potential.
100910,1010 Example St,San Jose,3,2,950000,"Beautiful condo with hardwood floors.
    Located gated community.
    Property is newly remodeled and includes private backyard.
    Priced to sell with strong investment potential.",Beautiful condominium with hardwood floors. Located gated community. Property is newly remodeled and includes private backyard. Priced to sell with strong investment potential.
100911,1011 Example St,Los Angeles,1,1,950000,"Beautiful townhouse with granite countertops.
    Located quiet neighborhood.
    Property is newly remodeled and includes low HOA fees.
    Priced to sell with strong investment potential.",Beautiful townhouse with granite countertops. Located quiet neighborhood. Property is newly remodeled and includes low home owners association fees. Priced to sell with strong investment potential.
100912,1012 Example St,San Diego,3,2,550000,"Beautiful investment property with smart home system.
    Located gated community.
    Property is fixer upper and includes no HOA.
    Priced to sell with strong investment potential.",Beautiful investment property with smart home system. Located gated community. Property is fixer upper and includes no HOA. Priced to sell with strong investment potential.
100913,1013 Example St,Los Angeles,2,2,850000,"Beautiful condo with smart home system.
    Located walking distance to parks.
    Property is newly remodeled and includes community pool.
    Priced to sell with strong investment potential.",Beautiful condominium with smart home system. Located walking distance to parks. Property is newly remodeled and includes community pool. Priced to sell with strong investment potential.
100914,1014 Example St,San Diego,4,3,850000,"Beautiful single family home with vaulted ceilings.
    Located near downtown.
    Property is move-in ready and includes community pool.
    Priced to sell with strong investment potential.",Beautiful single family home with vaulted ceilings. Located near downtown. Property is move-in ready and includes community pool. Priced to sell with strong investment potential.
100915,1015 Example St,San Francisco,3,3,350000,"Beautiful investment property with solar panels.
    Located gated community.
    Property is recently upgraded and includes large lot.
    Priced to sell with strong investment potential.",Beautiful investment property with solar panels. Located gated community. Property is recently upgraded and includes large lot. Priced to sell with strong investment potential.
100916,1016 Example St,San Francisco,1,2,850000,"Beautiful condo with open floor plan.
    Located walking distance to parks.
    Property is newly remodeled and includes low HOA fees.
    Priced to sell with strong investment potential.",Beautiful condominium with open floor plan. Located walking distance to parks. Property is newly remodeled and includes low home owners association fees. Priced to sell with strong investment potential.
100917,1017 Example St,Los Angeles,5,2,950000,"Beautiful townhouse with solar panels.
    Located minutes from shopping.
    Property is needs TLC and includes corner lot.
    Priced to sell with strong investment potential.",Beautiful townhouse with solar panels. Located minutes from shopping. Property is needs TLC and includes corner lot. Priced to sell with strong investment potential.
100918,1018 Example St,San Francisco,2,4,550000,"Beautiful single family home with stainless steel appliances.
    Located near public transportation.
    Property is fully renovated and includes community pool.
    Priced to sell with strong investment potential.",Beautiful single family home with stainless steel appliances. Located near public transportation. Property is fully renovated and includes community pool. Priced to sell with strong investment potential.
100919,1019 Example St,Los Angeles,2,1,650000,"Beautiful single family home with solar panels.
    Located minutes from shopping.
    Property is needs TLC and includes large lot.
    Priced to sell with strong investment potential.",Beautiful single family home with solar panels. Located minutes from shopping. Property is needs TLC and includes large lot. Priced to sell with strong investment potential.
100920,1020 Example St,San Diego,5,3,950000,"Beautiful condo with walk-in closet.
    Located close to schools.
    Property is fully renovated and includes two-car garage.
    Priced to sell with strong investment potential.",Beautiful condominium with walk-in closet. Located close to schools. Property is fully renovated and includes two-car garage. Priced to sell with strong investment potential.
100921,1021 Example St,San Jose,5,1,750000,"Beautiful townhouse with solar panels.
    Located near public transportation.
    Property is newly remodeled and includes large lot.
    Priced to sell with strong investment potential.",Beautiful townhouse with solar panels. Located near public transportation. Property is newly remodeled and includes large lot. Priced to sell with strong investment potential.
100922,1022 Example St,Los Angeles,5,3,950000,"Beautiful duplex with open floor plan.
    Located near downtown.
    Property is fully renovated and includes community pool.
    Priced to sell with strong investment potential.",Beautiful duplex with open floor plan. Located near downtown. Property is fully renovated and includes community pool. Priced to sell with strong investment potential.
100923,1023 Example St,Los Angeles,4,3,850000,"Beautiful townhouse with smart home system.
    Located gated community.
    Property is move-in ready and includes private backyard.
    Priced to sell with strong investment potential.",Beautiful townhouse with smart home system. Located gated community. Property is move-in ready and includes private backyard. Priced to sell with strong investment potential.
100924,1024 Example St,San Diego,3,4,550000,"Beautiful investment property with stainless steel appliances.
    Located near public transportation.
    Property is needs TLC and includes two-car garage.
    Priced to sell with strong investment potential.",Beautiful investment property with stainless steel appliances. Located near public transportation. Property is needs TLC and includes two-car garage. Priced to sell with strong investment potential.
100925,1025 Example St,San Francisco,4,3,350000,"Beautiful townhouse with hardwood floors.
    Located minutes from shopping.
    Property is move-in ready and includes no HOA.
    Priced to sell with strong investment potential.",Beautiful townhouse with hardwood floors. Located minutes from shopping. Property is move-in ready and includes no HOA. Priced to sell with strong investment potential.
100926,1026 Example St,San Diego,2,1,550000,"Beautiful investment property with smart home system.
    Located gated community.
    Property is needs TLC and includes no HOA.
    Priced to sell with strong investment potential.",Beautiful investment property with smart home system. Located gated community. Property is needs TLC and includes no HOA. Priced to sell with strong investment potential.
100927,1027 Example St,San Diego,5,4,650000,"Beautiful investment property with stainless steel appliances.
    Located near public transportation.
    Property is newly remodeled and includes private backyard.
    Priced to sell with strong investment potential.",Beautiful investment property with stainless steel appliances. Located near public transportation. Property is newly remodeled and includes private backyard. Priced to sell with strong investment potential.
100928,1028 Example St,San Jose,1,2,350000,"Beautiful townhouse with vaulted ceilings.
    Located near downtown.
    Property is needs TLC and includes community pool.
    Priced to sell with strong investment potential.",Beautiful townhouse with vaulted ceilings. Located near downtown. Property is needs TLC and includes community pool. Priced to sell with strong investment potential.
100929,1029 Example St,San Francisco,4,4,550000,"Beautiful townhouse with walk-in closet.
    Located walking distance to parks.
    Property is recently upgraded and includes two-car garage.
    Priced to sell with strong investment potential.",Beautiful townhouse with walk-in closet. Located walking distance to parks. Property is recently upgraded and includes two-car garage. Priced to sell with strong investment potential.
100930,1030 Example St,San Jose,3,4,950000,"Beautiful investment property with solar panels.
    Located walking distance to parks.
    Property is newly remodeled and includes community pool.
    Priced to sell with strong investment potential.",Beautiful investment property with solar panels. Located walking distance to parks. Property is newly remodeled and includes community pool. Priced to sell with strong investment potential.
100931,1031 Example St,San Jose,1,2,650000,"Beautiful townhouse with walk-in closet.
    Located walking distance to parks.
    Property is recently upgraded and includes large lot.
    Priced to sell with strong investment potential.",Beautiful townhouse with walk-in closet. Located walking distance to parks. Property is recently upgraded and includes large lot. Priced to sell with strong investment potential.
100932,1032 Example St,San Jose,2,1,450000,"Beautiful condo with solar panels.
    Located gated community.
    Property is newly remodeled and includes private backyard.
    Priced to sell with strong investment potential.",Beautiful condominium with solar panels. Located gated community. Property is newly remodeled and includes private backyard. Priced to sell with strong investment potential.
100933,1033 Example St,San Francisco,4,4,850000,"Beautiful single family home with granite countertops.
    Located minutes from shopping.
    Property is fixer upper and includes low HOA fees.
    Priced to sell with strong investment potential.",Beautiful single family home with granite countertops. Located minutes from shopping. Property is fixer upper and includes low home owners association fees. Priced to sell with strong investment potential.
100934,1034 Example St,San Diego,3,4,650000,"Beautiful condo with hardwood floors.
    Located minutes from shopping.
    Property is fixer upper and includes no HOA.
    Priced to sell with strong investment potential.",Beautiful condominium with hardwood floors. Located minutes from shopping. Property is fixer upper and includes no HOA. Priced to sell with strong investment potential.
100935,1035 Example St,San Diego,3,2,350000,"Beautiful condo with granite countertops.
    Located gated community.
    Property is fixer upper and includes low HOA fees.
    Priced to sell with strong investment potential.",Beautiful condominium with granite countertops. Located gated community. Property is fixer upper and includes low home owners association fees. Priced to sell with strong investment potential.
100936,1036 Example St,San Diego,2,2,550000,"Beautiful duplex with walk-in closet.
    Located near public transportation.
    Property is move-in ready and includes community pool.
    Priced to sell with strong investment potential.",Beautiful duplex with walk-in closet. Located near public transportation. Property is move-in ready and includes community pool. Priced to sell with strong investment potential.
100937,1037 Example St,San Diego,4,2,550000,"Beautiful investment property with stainless steel appliances.
    Located walking distance to parks.
    Property is recently upgraded and includes no HOA.
    Priced to sell with strong investment potential.",Beautiful investment property with stainless steel appliances. Located walking distance to parks. Property is recently upgraded and includes no HOA. Priced to sell with strong investment potential.
100938,1038 Example St,San Jose,2,1,850000,"Beautiful investment property with solar panels.
    Located walking distance to parks.
    Property is needs TLC and includes corner lot.
    Priced to sell with strong investment potential.",Beautiful investment property with solar panels. Located walking distance to parks. Property is needs TLC and includes corner lot. Priced to sell with strong investment potential.
100939,1039 Example St,San Francisco,4,4,950000,"Beautiful single family home with walk-in closet.
    Located near public transportation.
    Property is recently upgraded and includes two-car garage.
    Priced to sell with strong investment potential.",Beautiful single family home with walk-in closet. Located near public transportation. Property is recently upgraded and includes two-car garage. Priced to sell with strong investment potential.
100940,1040 Example St,San Diego,1,3,850000,"Beautiful investment property with smart home system.
    Located quiet neighborhood.
    Property is move-in ready and includes low HOA fees.
    Priced to sell with strong investment potential.",Beautiful investment property with smart home system. Located quiet neighborhood. Property is move-in ready and includes low home owners association fees. Priced to sell with strong investment potential.
100941,1041 Example St,San Jose,4,1,750000,"Beautiful townhouse with vaulted ceilings.
    Located minutes from shopping.
    Property is move-in ready and includes two-car garage.
    Priced to sell with strong investment potential.",Beautiful townhouse with vaulted ceilings. Located minutes from shopping. Property is move-in ready and includes two-car garage. Priced to sell with strong investment potential.
100942,1042 Example St,San Jose,5,2,550000,"Beautiful condo with walk-in closet.
    Located close to schools.
    Property is recently upgraded and includes large lot.
    Priced to sell with strong investment potential.",Beautiful condominium with walk-in closet. Located close to schools. Property is recently upgraded and includes large lot. Priced to sell with strong investment potential.
100943,1043 Example St,San Francisco,4,3,750000,"Beautiful duplex with walk-in closet.
    Located gated community.
    Property is fully renovated and includes corner lot.
    Priced to sell with strong investment potential.",Beautiful duplex with walk-in closet. Located gated community. Property is fully renovated and includes corner lot. Priced to sell with strong investment potential.
100944,1044 Example St,San Diego,5,2,750000,"Beautiful condo with smart home system.
    Located near public transportation.
    Property is fully renovated and includes no HOA.
    Priced to sell with strong investment potential.",Beautiful condominium with smart home system. Located near public transportation. Property is fully renovated and includes no HOA. Priced to sell with strong investment potential.
100945,1045 Example St,San Francisco,5,3,350000,"Beautiful condo with stainless steel appliances.
    Located quiet neighborhood.
    Property is fully renovated and includes corner lot.
    Priced to sell with strong investment potential.",Beautiful condominium with stainless steel appliances. Located quiet neighborhood. Property is fully renovated and includes corner lot. Priced to sell with strong investment potential.
100946,1046 Example St,San Francisco,3,1,950000,"Beautiful investment property with open floor plan.
    Located quiet neighborhood.
    Property is fixer upper and includes large lot.
    Priced to sell with strong investment potential.",Beautiful investment property with open floor plan. Located quiet neighborhood. Property is fixer upper and includes large lot. Priced to sell with strong investment potential.
100947,1047 Example St,Los Angeles,3,3,350000,"Beautiful single family home with solar panels.
    Located minutes from shopping.
    Property is needs TLC and includes corner lot.
    Priced to sell with strong investment potential.",Beautiful single family home with solar panels. Located minutes from shopping. Property is needs TLC and includes corner lot. Priced to sell with strong investment potential.
100948,1048 Example St,San Jose,2,1,650000,"Beautiful townhouse with smart home system.
    Located minutes from shopping.
    Property is move-in ready and includes large lot.
    Priced to sell with strong investment potential.",Beautiful townhouse with smart home system. Located minutes from shopping. Property is move-in ready and includes large lot. Priced to sell with strong investment potential.
100949,1049 Example St,Los Angeles,5,4,550000,"Beautiful townhouse with solar panels.
    Located near downtown.
    Property is recently upgraded and includes community pool.
    Priced to sell with strong investment potential.",Beautiful townhouse with solar panels. Located near downtown. Property is recently upgraded and includes community pool. Priced to sell with strong investment potential.
100950,1050 Example St,Los Angeles,2,3,950000,"Beautiful townhouse with granite countertops.
    Located near public transportation.
    Property is newly remodeled and includes no HOA.
    Priced to sell with strong investment potential.",Beautiful townhouse with granite countertops. Located near public transportation. Property is newly remodeled and includes no HOA. Priced to sell with strong investment potential.
100951,1051 Example St,San Diego,1,3,550000,"Beautiful investment property with solar panels.
    Located quiet neighborhood.
    Property is needs TLC and includes corner lot.
    Priced to sell with strong investment potential.",Beautiful investment property with solar panels. Located quiet neighborhood. Property is needs TLC and includes corner lot. Priced to sell with strong investment potential.
100952,1052 Example St,San Jose,2,4,850000,"Beautiful duplex with solar panels.
    Located quiet neighborhood.
    Property is newly remodeled and includes private backyard.
    Priced to sell with strong investment potential.",Beautiful duplex with solar panels. Located quiet neighborhood. Property is newly remodeled and includes private backyard. Priced to sell with strong investment potential.
100953,1053 Example St,Los Angeles,4,4,950000,"Beautiful condo with open floor plan.
    Located near public transportation.
    Property is recently upgraded and includes large lot.
    Priced to sell with strong investment potential.",Beautiful condominium with open floor plan. Located near public transportation. Property is recently upgraded and includes large lot. Priced to sell with strong investment potential.
100954,1054 Example St,San Francisco,1,4,450000,"Beautiful duplex with hardwood floors.
    Located near downtown.
    Property is newly remodeled and includes low HOA fees.
    Priced to sell with strong investment potential.",Beautiful duplex with hardwood floors. Located near downtown. Property is newly remodeled and includes low home owners association fees. Priced to sell with strong investment potential.
100955,1055 Example St,San Jose,4,2,450000,"Beautiful duplex with solar panels.
    Located quiet neighborhood.
    Property is move-in ready and includes large lot.
    Priced to sell with strong investment potential.",Beautiful duplex with solar panels. Located quiet neighborhood. Property is move-in ready and includes large lot. Priced to sell with strong investment potential.
100956,1056 Example St,San Diego,4,4,450000,"Beautiful townhouse with solar panels.
    Located near downtown.
    Property is fully renovated and includes two-car garage.
    Priced to sell with strong investment potential.",Beautiful townhouse with solar panels. Located near downtown. Property is fully renovated and includes two-car garage. Priced to sell with strong investment potential.
100957,1057 Example St,San Francisco,4,4,950000,"Beautiful investment property with vaulted ceilings.
    Located close to schools.
    Property is fully renovated and includes no HOA.
    Priced to sell with strong investment potential.",Beautiful investment property with vaulted ceilings. Located close to schools. Property is fully renovated and includes no HOA. Priced to sell with strong investment potential.
100958,1058 Example St,Los Angeles,3,1,450000,"Beautiful investment property with vaulted ceilings.
    Located minutes from shopping.
    Property is move-in ready and includes private backyard.
    Priced to sell with strong investment potential.",Beautiful investment property with vaulted ceilings. Located minutes from shopping. Property is move-in ready and includes private backyard. Priced to sell with strong investment potential.
100959,1059 Example St,San Francisco,2,3,350000,"Beautiful condo with walk-in closet.
    Located gated community.
    Property is move-in ready and includes corner lot.
    Priced to sell with strong investment potential.",Beautiful condominium with walk-in closet. Located gated community. Property is move-in ready and includes corner lot. Priced to sell with strong investment potential.
100960,1060 Example St,Los Angeles,1,3,850000,"Beautiful condo with smart home system.
    Located walking distance to parks.
    Property is fixer upper and includes large lot.
    Priced to sell with strong investment potential.",Beautiful condominium with smart home system. Located walking distance to parks. Property is fixer upper and includes large lot. Priced to sell with strong investment potential.
100961,1061 Example St,San Francisco,5,2,350000,"Beautiful single family home with granite countertops.
    Located close to schools.
    Property is fixer upper and includes private backyard.
    Priced to sell with strong investment potential.",Beautiful single family home with granite countertops. Located close to schools. Property is fixer upper and includes private backyard. Priced to sell with strong investment potential.
100962,1062 Example St,San Jose,3,3,650000,"Beautiful investment property with vaulted ceilings.
    Located quiet neighborhood.
    Property is needs TLC and includes no HOA.
    Priced to sell with strong investment potential.",Beautiful investment property with vaulted ceilings. Located quiet neighborhood. Property is needs TLC and includes no HOA. Priced to sell with strong investment potential.
100963,1063 Example St,San Francisco,1,3,350000,"Beautiful duplex with walk-in closet.
    Located close to schools.
    Property is newly remodeled and includes large lot.
    Priced to sell with strong investment potential.",Beautiful duplex with walk-in closet. Located close to schools. Property is newly remodeled and includes large lot. Priced to sell with strong investment potential.
100964,1064 Example St,Los Angeles,1,3,550000,"Beautiful condo with smart home system.
    Located gated community.
    Property is fixer upper and includes private backyard.
    Priced to sell with strong investment potential.",Beautiful condominium with smart home system. Located gated community. Property is fixer upper and includes private backyard. Priced to sell with strong investment potential.
100965,1065 Example St,San Francisco,3,3,350000,"Beautiful townhouse with stainless steel appliances.
    Located close to schools.
    Property is fully renovated and includes large lot.
    Priced to sell with strong investment potential.",Beautiful townhouse with stainless steel appliances. Located close to schools. Property is fully renovated and includes large lot. Priced to sell with strong investment potential.
100966,1066 Example St,Los Angeles,5,1,850000,"Beautiful condo with walk-in closet.
    Located quiet neighborhood.
    Property is newly remodeled and includes corner lot.
    Priced to sell with strong investment potential.",Beautiful condominium with walk-in closet. Located quiet neighborhood. Property is newly remodeled and includes corner lot. Priced to sell with strong investment potential.
100967,1067 Example St,San Francisco,2,3,550000,"Beautiful condo with solar panels.
    Located minutes from shopping.
    Property is fully renovated and includes community pool.
    Priced to sell with strong investment potential.",Beautiful condominium with solar panels. Located minutes from shopping. Property is fully renovated and includes community pool. Priced to sell with strong investment potential.
100968,1068 Example St,San Diego,4,3,550000,"Beautiful single family home with open floor plan.
    Located near downtown.
    Property is recently upgraded and includes private backyard.
    Priced to sell with strong investment potential.",Beautiful single family home with open floor plan. Located near downtown. Property is recently upgraded and includes private backyard. Priced to sell with strong investment potential.
100969,1069 Example St,Los Angeles,5,4,350000,"Beautiful investment property with hardwood floors.
    Located close to schools.
    Property is fully renovated and includes low HOA fees.
    Priced to sell with strong investment potential.",Beautiful investment property with hardwood floors. Located close to schools. Property is fully renovated and includes low home owners association fees. Priced to sell with strong investment potential.
100970,1070 Example St,San Jose,5,2,550000,"Beautiful investment property with stainless steel appliances.
    Located close to schools.
    Property is move-in ready and includes private backyard.
    Priced to sell with strong investment potential.",Beautiful investment property with stainless steel appliances. Located close to schools. Property is move-in ready and includes private backyard. Priced to sell with strong investment potential.
100971,1071 Example St,Los Angeles,3,1,550000,"Beautiful condo with granite countertops.
    Located gated community.
    Property is recently upgraded and includes two-car garage.
    Priced to sell with strong investment potential.",Beautiful condominium with granite countertops. Located gated community. Property is recently upgraded and includes two-car garage. Priced to sell with strong investment potential.
100972,1072 Example St,Los Angeles,1,1,450000,"Beautiful investment property with hardwood floors.
    Located quiet neighborhood.
    Property is move-in ready and includes two-car garage.
    Priced to sell with strong investment potential.",Beautiful investment property with hardwood floors. Located quiet neighborhood. Property is move-in ready and includes two-car garage. Priced to sell with strong investment potential.
100973,1073 Example St,San Diego,1,1,950000,"Beautiful condo with granite countertops.
    Located minutes from shopping.
    Property is recently upgraded and includes low HOA fees.
    Priced to sell with strong investment potential.",Beautiful condominium with granite countertops. Located minutes from shopping. Property is recently upgraded and includes low home owners association fees. Priced to sell with strong investment potential.
100974,1074 Example St,San Francisco,2,1,550000,"Beautiful single family home with solar panels.
    Located minutes from shopping.
    Property is recently upgraded and includes two-car garage.
    Priced to sell with strong investment potential.",Beautiful single family home with solar panels. Located minutes from shopping. Property is recently upgraded and includes two-car garage. Priced to sell with strong investment potential.
100975,1075 Example St,Los Angeles,5,1,450000,"Beautiful condo with walk-in closet.
    Located near downtown.
    Property is recently upgraded and includes two-car garage.
    Priced to sell with strong investment potential.",Beautiful condominium with walk-in closet. Located near downtown. Property is recently upgraded and includes two-car garage. Priced to sell with strong investment potential.
100976,1076 Example St,San Jose,1,1,350000,"Beautiful duplex with smart home system.
    Located walking distance to parks.
    Property is newly remodeled and includes corner lot.
    Priced to sell with strong investment potential.",Beautiful duplex with smart home system. Located walking distance to parks. Property is newly remodeled and includes corner lot. Priced to sell with strong investment potential.
100977,1077 Example St,Los Angeles,2,3,350000,"Beautiful investment property with hardwood floors.
    Located walking distance to parks.
    Property is recently upgraded and includes community pool.
    Priced to sell with strong investment potential.",Beautiful investment property with hardwood floors. Located walking distance to parks. Property is recently upgraded and includes community pool. Priced to sell with strong investment potential.
100978,1078 Example St,San Francisco,1,3,750000,"Beautiful condo with open floor plan.
    Located minutes from shopping.
    Property is fully renovated and includes no HOA.
    Priced to sell with strong investment potential.",Beautiful condominium with open floor plan. Located minutes from shopping. Property is fully renovated and includes no HOA. Priced to sell with strong investment potential.
100979,1079 Example St,San Francisco,5,1,750000,"Beautiful single family home with stainless steel appliances.
    Located near public transportation.
    Property is move-in ready and includes large lot.
    Priced to sell with strong investment potential.",Beautiful single family home with stainless steel appliances. Located near public transportation. Property is move-in ready and includes large lot. Priced to sell with strong investment potential.
100980,1080 Example St,San Jose,2,2,450000,"Beautiful single family home with vaulted ceilings.
    Located close to schools.
    Property is recently upgraded and includes large lot.
    Priced to sell with strong investment potential.",Beautiful single family home with vaulted ceilings. Located close to schools. Property is recently upgraded and includes large lot. Priced to sell with strong investment potential.
100981,1081 Example St,San Diego,2,2,450000,"Beautiful townhouse with walk-in closet.
    Located minutes from shopping.
    Property is fixer upper and includes large lot.
    Priced to sell with strong investment potential.",Beautiful townhouse with walk-in closet. Located minutes from shopping. Property is fixer upper and includes large lot. Priced to sell with strong investment potential.
100982,1082 Example St,San Jose,2,2,350000,"Beautiful investment property with hardwood floors.
    Located quiet neighborhood.
    Property is fixer upper and includes community pool.
    Priced to sell with strong investment potential.",Beautiful investment property with hardwood floors. Located quiet neighborhood. Property is fixer upper and includes community pool. Priced to sell with strong investment potential.
100983,1083 Example St,San Francisco,5,1,850000,"Beautiful single family home with stainless steel appliances.
    Located gated community.
    Property is newly remodeled and includes no HOA.
    Priced to sell with strong investment potential.",Beautiful single family home with stainless steel appliances. Located gated community. Property is newly remodeled and includes no HOA. Priced to sell with strong investment potential.
100984,1084 Example St,Los Angeles,4,2,650000,"Beautiful single family home with walk-in closet.
    Located quiet neighborhood.
    Property is needs TLC and includes private backyard.
    Priced to sell with strong investment potential.",Beautiful single family home with walk-in closet. Located quiet neighborhood. Property is needs TLC and includes private backyard. Priced to sell with strong investment potential.
100985,1085 Example St,San Diego,1,2,650000,"Beautiful duplex with granite countertops.
    Located gated community.
    Property is recently upgraded and includes corner lot.
    Priced to sell with strong investment potential.",Beautiful duplex with granite countertops. Located gated community. Property is recently upgraded and includes corner lot. Priced to sell with strong investment potential.
100986,1086 Example St,San Jose,2,1,350000,"Beautiful single family home with smart home system.
    Located close to schools.
    Property is needs TLC and includes large lot.
    Priced to sell with strong investment potential.",Beautiful single family home with smart home system. Located close to schools. Property is needs TLC and includes large lot. Priced to sell with strong investment potential.
100987,1087 Example St,San Diego,3,2,850000,"Beautiful townhouse with granite countertops.
    Located close to schools.
    Property is newly remodeled and includes private backyard.
    Priced to sell with strong investment potential.",Beautiful townhouse with granite countertops. Located close to schools. Property is newly remodeled and includes private backyard. Priced to sell with strong investment potential.
100988,1088 Example St,Los Angeles,5,4,450000,"Beautiful condo with solar panels.
    Located quiet neighborhood.
    Property is newly remodeled and includes private backyard.
    Priced to sell with strong investment potential.",Beautiful condominium with solar panels. Located quiet neighborhood. Property is newly remodeled and includes private backyard. Priced to sell with strong investment potential.
100989,1089 Example St,Los Angeles,4,3,950000,"Beautiful single family home with vaulted ceilings.
    Located gated community.
    Property is fixer upper and includes private backyard.
    Priced to sell with strong investment potential.",Beautiful single family home with vaulted ceilings. Located gated community. Property is fixer upper and includes private backyard. Priced to sell with strong investment potential.
100990,1090 Example St,San Francisco,1,3,850000,"Beautiful single family home with open floor plan.
    Located minutes from shopping.
    Property is fixer upper and includes low HOA fees.
    Priced to sell with strong investment potential.",Beautiful single family home with open floor plan. Located minutes from shopping. Property is fixer upper and includes low home owners association fees. Priced to sell with strong investment potential.
100991,1091 Example St,San Jose,3,2,850000,"Beautiful condo with stainless steel appliances.
    Located quiet neighborhood.
    Property is recently upgraded and includes community pool.
    Priced to sell with strong investment potential.",Beautiful condominium with stainless steel appliances. Located quiet neighborhood. Property is recently upgraded and includes community pool. Priced to sell with strong investment potential.
100992,1092 Example St,San Diego,2,2,550000,"Beautiful single family home with stainless steel appliances.
    Located close to schools.
    Property is move-in ready and includes low HOA fees.
    Priced to sell with strong investment potential.",Beautiful single family home with stainless steel appliances. Located close to schools. Property is move-in ready and includes low home owners association fees. Priced to sell with strong investment potential.
100993,1093 Example St,San Francisco,1,2,350000,"Beautiful condo with solar panels.
    Located near public transportation.
    Property is newly remodeled and includes large lot.
    Priced to sell with strong investment potential.",Beautiful condominium with solar panels. Located near public transportation. Property is newly remodeled and includes large lot. Priced to sell with strong investment potential.
100994,1094 Example St,Los Angeles,3,4,550000,"Beautiful duplex with smart home system.
    Located gated community.
    Property is needs TLC and includes large lot.
    Priced to sell with strong investment potential.",Beautiful duplex with smart home system. Located gated community. Property is needs TLC and includes large lot. Priced to sell with strong investment potential.
100995,1095 Example St,Los Angeles,3,4,950000,"Beautiful duplex with hardwood floors.
    Located close to schools.
    Property is fixer upper and includes large lot.
    Priced to sell with strong investment potential.",Beautiful duplex with hardwood floors. Located close to schools. Property is fixer upper and includes large lot. Priced to sell with strong investment potential.
100996,1096 Example St,Los Angeles,3,2,650000,"Beautiful townhouse with stainless steel appliances.
    Located near downtown.
    Property is move-in ready and includes no HOA.
    Priced to sell with strong investment potential.",Beautiful townhouse with stainless steel appliances. Located near downtown. Property is move-in ready and includes no HOA. Priced to sell with strong investment potential.
100997,1097 Example St,San Jose,4,3,450000,"Beautiful condo with vaulted ceilings.
    Located quiet neighborhood.
    Property is move-in ready and includes corner lot.
    Priced to sell with strong investment potential.",Beautiful condominium with vaulted ceilings. Located quiet neighborhood. Property is move-in ready and includes corner lot. Priced to sell with strong investment potential.
100998,1098 Example St,San Francisco,2,2,750000,"Beautiful duplex with smart home system.
    Located walking distance to parks.
    Property is newly remodeled and includes two-car garage.
    Priced to sell with strong investment potential.",Beautiful duplex with smart home system. Located walking distance to parks. Property is newly remodeled and includes two-car garage. Priced to sell with strong investment potential.
100999,1099 Example St,San Jose,3,4,950000,"Beautiful townhouse with granite countertops.
    Located minutes from shopping.
    Property is fully renovated and includes low HOA fees.
    Priced to sell with strong investment potential.",Beautiful townhouse with granite countertops. Located minutes from shopping. Property is fully renovated and includes low home owners association fees. Priced to sell with strong investment potential.
